matchId,playerId,PlayerName
1694396,8421,JonathanWilliams
1694434,70403,Adrien SebastianPerruchet Silva
1694407,14732,ThomasM\u00fcller
1694408,223071,OzanTufan
1694414,21275,AndreasGranqvist
1694440,7936,PaulPogba
1694395,33235,Bogdan SorinStancu
1694436,3319,Mesut\u00d6zil
1694393,50461,ArmandoSadiku
1694437,7915,PatriceEvra
1694435,8425,Wayne Hennessey
1694434,7926,Lu\u00eds CarlosAlmeida da Cunha
1694440,70965,Jo\u00e3o M\u00e1rioNaval da Costa Eduardo 
1694419,7860,ThomasVermaelen
1694428,3305,Kl\u00e9perLaveran Lima Ferreira
1694430,14795,Mats Hummels
1694395,50849,EtritBerisha
1694411,3346,SergioBusquets i Burgos
1694411,70125,ManuelAgudo Dur\u00e1n
1694432,20395,MattiaDe Sciglio
1694421,70965,Jo\u00e3o M\u00e1rioNaval da Costa Eduardo 
1694439,14855,BenediktH\u00f6wedes
1694403,14732,ThomasM\u00fcller
1694434,14817,RobertLewandowski
1694438,70403,Adrien SebastianPerruchet Silva
1694434,21097,KamilGlik
1694431,134769,YannickFerreira Carrasco
1694415,21350,MarcoParolo
1694417,62071,DarrenRandolph
1694414,51398,OscarLewicki
1694401,8425,Wayne Hennessey
1694400,15142,R\u00f3bertMak
1694390,83753,Nicolae ClaudiuStanciu
1694428,211885,Andr\u00e9 FilipeTavares Gomes
1694400,65090,Du\u0161an\u0160vento
1694401,101699,AlexandrSamedov
1694421,58105,J\u00f3n Da\u00f0iB\u00f6\u00f0varsson
1694403,14723,ToniKroos
1694407,14716,J\u00e9r\u00f4meBoateng
1694421,28907,Rapha\u00ebl Adelino Jos\u00e9Guerreiro
1694390,83590,Alexandru Mih\u0103i\u021b\u0103Chipciu
1694393,25437,BlaiseMatuidi
1694397,210044,Eric Dier
1694417,7905,RomeluLukaku Menama
1694440,7858,BacarySagna
1694413,54375,Bo\u0159ekDo\u010dkal
1694417,11152,Moussa Sidi YayaDemb\u00e9l\u00e9
1694421,55983,RagnarSigur\u00f0sson
1694439,20612,ShkodranMustafi
1694440,28907,Rapha\u00ebl Adelino Jos\u00e9Guerreiro
1694395,20596,Gabriel AndreiTorje
1694402,99438,Micha\u0142Pazdan
1694420,65064,Rubin RafaelOkotie
1694421,54451,Birkir M\u00e1rS\u00e6varsson
1694432,25439,ThiagoMotta
1694440,25381,HugoLloris
1694432,3447,Juan FranciscoTorres Bel\u00e9n
1694391,49876,GranitXhaka
1694391,14922,Ricardo Iv\u00e1nRodr\u00edguez Araya
1694416,20628,GrazianoPell\u00e8
1694418,20395,MattiaDe Sciglio
1694401,101568,RomanShirokov
1694431,299557,\u00c1d\u00e1mNagy
1694435,134769,YannickFerreira Carrasco
1694431,38021,KevinDe Bruyne
1694423,14688,SebastianPr\u00f6dl
1694417,134769,YannickFerreira Carrasco
1694392,20596,Gabriel AndreiTorje
1694394,14922,Ricardo Iv\u00e1nRodr\u00edguez Araya
1694397,15022,Roman PetrovichNeust\u00e4dter
1694398,101581,VasiliBerezutski
1694429,25714,Dimitri Payet
1694405,14806,MarioG\u00f6tze
1694428,37762,WilliamSilva de Carvalho
1694427,8278,Gareth FrankBale
1694439,14862,JulianDraxler
1694434,70093,Jo\u00e3o FilipeIria Santos Moutinho
1694405,99452,ArkadiuszMilik
1694406,105371,RuslanRotan
1694440,70403,Adrien SebastianPerruchet Silva
1694395,49857,ArlindAjeti
1694417,8980,JeffHendrick
1694434,269189,BartoszKapustka
1694422,57226,Hannes \u00de\u00f3rHalld\u00f3rsson
1694420,70100,MarcJanko
1694433,8301,JoeHart
1694398,218896,OndrejDuda
1694419,33091,ErkanZengin
1694426,49872,XherdanShaqiri
1694390,6165,FlorinAndone
1694427,80019,StuartDallas
1694409,3306,SergioRamos Garc\u00eda
1694418,21095,MatteoDarmian
1694422,7980,Tam\u00e1sK\u00e1d\u00e1r
1694419,71703,VictorNilsson Lindel\u00f6f
1694394,20465,StephanLichtsteiner
1694415,20458,AndreaBarzagli
1694427,9620,CorryEvans
1694405,99452,ArkadiuszMilik
1694426,99381,ArturJ\u0119drzejczyk
1694412,135747,DanijelSuba\u0161i\u0107
1694427,77544,NeilTaylor
1694402,8362,GarethMcAuley
1694428,69411,AndrejKramari\u0107
1694432,20626,EderCitadin Martins
1694394,25804,MoussaSissoko
1694421,58105,J\u00f3n Da\u00f0iB\u00f6\u00f0varsson
1694403,105341,TarasStepanenko
1694408,3476,IvanRakiti\u0107
1694429,7855,LaurentKoscielny
1694408,32636,CenkTosun
1694425,14703,MarkoArnautovi\u0107
1694410,14943,MarioMand\u017euki\u0107
1694414,8192,MartinOlsson
1694433,62221,K\u00e1ri\u00c1rnason
1694429,3276,AdilRami
1694401,8688,SimonChurch
1694416,20458,AndreaBarzagli
1694428,135747,DanijelSuba\u0161i\u0107
1694438,20496,Danilo Lu\u00edsH\u00e9lio Pereira
1694403,14862,JulianDraxler
1694412,3324,\u00c1lvaro BorjaMorata Mart\u00edn
1694426,105619,AdmirMehmedi
1694428,32597,RicardoAndrade Quaresma Bernardo
1694397,257800,AleksandrGolovin
1694415,20438,DanieleDe Rossi
1694423,28907,Rapha\u00ebl Adelino Jos\u00e9Guerreiro
1694431,3429,ThibautCourtois
1694400,210044,Eric Dier
1694409,32582,Tom\u00e1\u0161Sivok
1694415,48,JanVertonghen
1694418,8530,JamesMcClean
1694395,15449,M\u00ebrgimMavraj
1694409,3447,Juan FranciscoTorres Bel\u00e9n
1694392,70090,Ionu\u021b CristianS\u0103punaru
1694429,3682,AntoineGriezmann
1694440,70410,\u00c9derzito Ant\u00f3nioMacedo Lopes
1694437,3682,AntoineGriezmann
1694429,7858,BacarySagna
1694433,8292,DannyRose
1694407,14731,MarioG\u00f3mez Garc\u00eda
1694434,99446,KrzysztofM\u0105czy\u0144ski
1694418,8346,WesleyHoolahan
1694401,9127,SamVokes
1694406,269189,BartoszKapustka
1694422,54451,Birkir M\u00e1rS\u00e6varsson
1694429,8603,DarylMurphy
1694435,278872,JasonDenayer
1694421,57226,Hannes \u00de\u00f3rHalld\u00f3rsson
1694393,50849,EtritBerisha
1694426,14804,JakubB\u0142aszczykowski
1694414,8025,RobbieKeane
1694400,7907,DanielSturridge
1694437,77558,Gylfi \u00de\u00f3rSigur\u00f0sson
1694438,8126,Jos\u00e9 Miguelda Rocha Fonte
1694438,8831,ChrisGunter
1694396,101616,J\u00e1n\u010eurica
1694404,8989,JamieWard
1694430,138408,Milan\u0160kriniar
1694391,92334,AnsiAgolli
1694392,14922,Ricardo Iv\u00e1nRodr\u00edguez Araya
1694412,14771,Vedran\u0106orluka
1694413,32572,BurakY\u0131lmaz
1694395,38598,DenisAlibec
1694428,69968,MarceloBrozovi\u0107
1694439,18669,JonasHector
1694401,101707,FyodorSmolov
1694428,69968,MarceloBrozovi\u0107
1694409,7882,Petr\u010cech
1694421,57226,Hannes \u00de\u00f3rHalld\u00f3rsson
1694395,83753,Nicolae ClaudiuStanciu
1694396,7870,AaronRamsey
1694432,3341,GerardPiqu\u00e9 Bernab\u00e9u
1694423,14724,DavidOlatukunbo Alaba
1694417,8522,John O'Shea
1694394,25714,Dimitri Payet
1694434,14798,\u0141ukaszPiszczek
1694402,7849,Wojciech Szcz\u0119sny
1694413,15076,Olcay\u015eahan
1694405,14716,J\u00e9r\u00f4meBoateng
1694413,32656,Sel\u00e7uk\u0130nan
1694438,70403,Adrien SebastianPerruchet Silva
1694426,49855,YannSommer
1694432,21350,MarcoParolo
1694402,7849,Wojciech Szcz\u0119sny
1694434,70093,Jo\u00e3o FilipeIria Santos Moutinho
1694408,32523,CanerErkin
1694426,99381,ArturJ\u0119drzejczyk
1694400,32959,PeterPekar\u00edk
1694433,7887,Gary Cahill
1694390,38598,DenisAlibec
1694409,82684,DavidLafata
1694420,15200,\u00c1d\u00e1mSzalai
1694422,51127,Ari FreyrSk\u00falason
1694403,18669,JonasHector
1694434,99381,ArturJ\u0119drzejczyk
1694406,105518,ArtemFedetskiy
1694403,3319,Mesut\u00d6zil
1694426,7850,Johan DanonDjourou-Gbadjere
1694416,20455,GianluigiBuffon
1694430,78488,Mat\u00fa\u0161Koz\u00e1\u010dik
1694421,70134,Rui Pedrodos Santos Patr\u00edcio
1694423,65027,StefanIlsanker
1694404,62331,MichaelMcGovern
1694416,21275,AndreasGranqvist
1694418,8240,S\u00e9amusColeman
1694419,25707,EdenHazard
1694426,99438,Micha\u0142Pazdan
1694412,3346,SergioBusquets i Burgos
1694420,76201,\u00c1d\u00e1mLang
1694422,51127,Ari FreyrSk\u00falason
1694400,7873,JackWilshere
1694403,14855,BenediktH\u00f6wedes
1694414,8346,WesleyHoolahan
1694414,8980,JeffHendrick
1694436,20455,GianluigiBuffon
1694431,122,DriesMertens
1694423,37762,WilliamSilva de Carvalho
1694437,26010,OlivierGiroud
1694433,51127,Ari FreyrSk\u00falason
1694430,3319,Mesut\u00d6zil
1694436,224593,JoshuaKimmich
1694407,80019,StuartDallas
1694424,15200,\u00c1d\u00e1mSzalai
1694436,14732,ThomasM\u00fcller
1694397,101568,RomanShirokov
1694426,14804,JakubB\u0142aszczykowski
1694412,3350,FrancescF\u00e0bregas i Soler
1694414,8744,Glenn Whelan
1694426,21169,BlerimD\u017eemaili
1694435,25707,EdenHazard
1694414,9623,RobbieBrady
1694393,50264,BurimKukeli
1694421,70093,Jo\u00e3o FilipeIria Santos Moutinho
1694432,20455,GianluigiBuffon
1694440,25437,BlaiseMatuidi
1694413,281255,EmreMor
1694393,7858,BacarySagna
1694407,14795,Mats Hummels
1694397,8277,KyleWalker
1694403,14716,J\u00e9r\u00f4meBoateng
1694408,105361,IvanStrini\u0107
1694390,26010,OlivierGiroud
1694410,15094,RomanHubn\u00edk
1694417,38021,KevinDe Bruyne
1694433,210044,Eric Dier
1694420,15206,G\u00e1borKir\u00e1ly
1694416,20626,EderCitadin Martins
1694396,77548,JoeAllen
1694396,21285,JurajKucka
1694408,15245,GordonSchildenfeld
1694393,15449,M\u00ebrgimMavraj
1694413,3289,MehmetTopal
1694399,7887,Gary Cahill
1694419,51343,ErikJohansson
1694428,7926,Lu\u00eds CarlosAlmeida da Cunha
1694428,69396,DomagojVida
1694421,77558,Gylfi \u00de\u00f3rSigur\u00f0sson
1694433,12829,JamieVardy
1694412,69411,AndrejKramari\u0107
1694410,101607,Tom\u00e1\u0161 Necid
1694434,99452,ArkadiuszMilik
1694436,20628,GrazianoPell\u00e8
1694436,14723,ToniKroos
1694396,8278,Gareth FrankBale
1694422,75209,Rich\u00e1rdGuzmics
1694405,99381,ArturJ\u0119drzejczyk
1694413,101607,Tom\u00e1\u0161 Necid
1694434,25537,GrzegorzKrychowiak
1694410,8287,LukaModri\u0107
1694423,14940,Adelino Andr\u00e9 Vieira Freitas
1694434,258162,Renato J\u00faniorLuz Sanches
1694403,105622,AndriyYarmolenko
1694418,246061,FedericoBernardeschi
1694418,8980,JeffHendrick
1694394,20938,ValonBehrami
1694409,82510,DavidLimbersk\u00fd
1694439,245364,LeroySan\u00e9
1694392,84367,Steliano Filip
1694421,14940,Adelino Andr\u00e9 Vieira Freitas
1694417,8530,JamesMcClean
1694400,7944,WayneRooney
1694409,3350,FrancescF\u00e0bregas i Soler
1694412,3353,Andr\u00e9sIniesta Luj\u00e1n
1694390,6165,FlorinAndone
1694429,8384,Shane Long
1694424,101690,Bal\u00e1zsDzsudzs\u00e1k
1694436,20395,MattiaDe Sciglio
1694435,38021,KevinDe Bruyne
1694398,15022,Roman PetrovichNeust\u00e4dter
1694430,7960,Martin\u0160krtel
1694414,61949,MikaelLustig
1694427,9615,JamesChester
1694433,397178,MarcusRashford
1694416,20626,EderCitadin Martins
1694404,62331,MichaelMcGovern
1694395,33235,Bogdan SorinStancu
1694399,210044,Eric Dier
1694417,70123,Axel Witsel
1694418,8980,JeffHendrick
1694425,14724,DavidOlatukunbo Alaba
1694438,3322,Cristiano Ronaldodos Santos Aveiro
1694436,20461,GiorgioChiellini
1694394,20465,StephanLichtsteiner
1694398,21285,JurajKucka
1694397,7922,ChrisSmalling
1694426,14922,Ricardo Iv\u00e1nRodr\u00edguez Araya
1694411,32656,Sel\u00e7uk\u0130nan
1694413,32580,\u0130smailK\u00f6yba\u015f\u0131
1694420,7980,Tam\u00e1sK\u00e1d\u00e1r
1694435,61963,JoeLedley
1694421,3322,Cristiano Ronaldodos Santos Aveiro
1694411,32523,CanerErkin
1694424,3307,Ricardo AlbertoSilveira de Carvalho
1694390,83953,Ovidiu \u015etefanHoban
1694391,64067,SokolCikalleshi
1694434,3305,Kl\u00e9perLaveran Lima Ferreira
1694400,7885,RyanBertrand
1694434,14817,RobertLewandowski
1694390,7855,LaurentKoscielny
1694436,14728,BastianSchweinsteiger
1694435,38093,MichyBatshuayi Tunga
1694411,3350,FrancescF\u00e0bregas i Soler
1694415,48,JanVertonghen
1694440,25437,BlaiseMatuidi
1694414,71703,VictorNilsson Lindel\u00f6f
1694435,77546,AshleyWilliams
1694434,37762,WilliamSilva de Carvalho
1694406,21097,KamilGlik
1694391,50849,EtritBerisha
1694428,3476,IvanRakiti\u0107
1694397,101856,OlegShatov
1694401,101583,SergeiIgnashevich
1694438,28907,Rapha\u00ebl Adelino Jos\u00e9Guerreiro
1694396,77544,NeilTaylor
1694431,37724,RolandJuh\u00e1sz
1694408,15524,Hakan\u00c7alhano\u011flu
1694404,105503,SerhiySydorchuk
1694430,14731,MarioG\u00f3mez Garc\u00eda
1694416,20459,LeonardoBonucci
1694423,65596,MarcelSabitzer
1694426,20465,StephanLichtsteiner
1694403,14789,Andr\u00e9Sch\u00fcrrle
1694434,32597,RicardoAndrade Quaresma Bernardo
1694437,58105,J\u00f3n Da\u00f0iB\u00f6\u00f0varsson
1694440,28907,Rapha\u00ebl Adelino Jos\u00e9Guerreiro
1694403,105380,RomanZozulya
1694434,258162,Renato J\u00faniorLuz Sanches
1694391,49869,FabianFrei
1694395,84017,AdrianPopa
1694411,3269,JordiAlba Ramos
1694416,50812,JimmyDurmaz
1694434,3570,EliseuPereira dos Santos
1694436,20395,MattiaDe Sciglio
1694393,26010,OlivierGiroud
1694411,223071,OzanTufan
1694413,281255,EmreMor
1694433,7907,DanielSturridge
1694391,15285,OdiseRoshi
1694418,9623,RobbieBrady
1694406,14804,JakubB\u0142aszczykowski
1694414,8240,S\u00e9amusColeman
1694403,14732,ThomasM\u00fcller
1694405,99446,KrzysztofM\u0105czy\u0144ski
1694436,14731,MarioG\u00f3mez Garc\u00eda
1694393,50264,BurimKukeli
1694417,9623,RobbieBrady
1694430,3319,Mesut\u00d6zil
1694430,18669,JonasHector
1694419,14908,MarcusBerg
1694412,7910,Davidde Gea Quintana
1694406,105378,YevhenKonoplyanka
1694407,14723,ToniKroos
1694431,7980,Tam\u00e1sK\u00e1d\u00e1r
1694395,84017,AdrianPopa
1694402,14817,RobertLewandowski
1694436,18669,JonasHector
1694437,231139,KingsleyComan
1694417,38031,ChristianBenteke Liolo
1694393,50461,ArmandoSadiku
1694411,3448,ArdaTuran
1694428,70965,Jo\u00e3o M\u00e1rioNaval da Costa Eduardo 
1694397,101825,IgorSmolnikov
1694430,14732,ThomasM\u00fcller
1694423,16126,RobertAlmer
1694416,22566,Alessandro Florenzi
1694395,21001,Elseid G\u00ebzimHysaj
1694396,65090,Du\u0161an\u0160vento
1694436,14732,ThomasM\u00fcller
1694437,7855,LaurentKoscielny
1694391,49855,YannSommer
1694420,15206,G\u00e1borKir\u00e1ly
1694432,7910,Davidde Gea Quintana
1694435,122,DriesMertens
1694426,14798,\u0141ukaszPiszczek
1694426,25537,GrzegorzKrychowiak
1694393,7858,BacarySagna
1694396,32959,PeterPekar\u00edk
1694399,7922,ChrisSmalling
1694428,258162,Renato J\u00faniorLuz Sanches
1694412,212604,TinJedvaj
1694429,26010,OlivierGiroud
1694435,3429,ThibautCourtois
1694420,75131,AttilaFiola
1694437,77521,Aron EinarGunnarsson
1694418,25421,SalvatoreSirigu
1694407,9403,CraigCathcart
1694406,7847,\u0141ukaszFabia\u0144ski
1694440,7858,BacarySagna
1694418,8658,StephenQuinn
1694412,3476,IvanRakiti\u0107
1694439,25575,Andr\u00e9-PierreGignac
1694421,93,Johann Berg Gu\u00f0munds\u00adson
1694440,25714,Dimitri Payet
1694420,14724,DavidOlatukunbo Alaba
1694397,257800,AleksandrGolovin
1694410,69409,\u0160imeVrsaljko
1694402,7914,JonnyEvans
1694413,21351,DanielPudil
1694400,12829,JamieVardy
1694426,99452,ArkadiuszMilik
1694403,3318,SamiKhedira
1694392,20596,Gabriel AndreiTorje
1694440,7926,Lu\u00eds CarlosAlmeida da Cunha
1694399,8686,HalRobson-Kanu
1694426,14922,Ricardo Iv\u00e1nRodr\u00edguez Araya
1694426,49872,XherdanShaqiri
1694422,21314,EmilHallfre\u00f0sson
1694422,77521,Aron EinarGunnarsson
1694393,15285,OdiseRoshi
1694418,9623,RobbieBrady
1694419,37824,ThomasMeunier
1694433,77521,Aron EinarGunnarsson
1694392,83824,Mihai DoruPintilii
1694402,9403,CraigCathcart
1694390,83575,Vlad IulianChiriche\u0219
1694401,9615,JamesChester
1694409,82518,Vladim\u00edrDarida
1694428,3476,IvanRakiti\u0107
1694396,78488,Mat\u00fa\u0161Koz\u00e1\u010dik
1694403,105503,SerhiySydorchuk
1694403,20612,ShkodranMustafi
1694403,241564,OleksandrZinchenko
1694402,9403,CraigCathcart
1694439,25397,Samuel YvesUmtiti
1694399,8425,Wayne Hennessey
1694400,7887,Gary Cahill
1694432,20468,EmanueleGiaccherini
1694398,101576,IgorAkinfeev
1694418,8624,JamesMcCarthy
1694406,7847,\u0141ukaszFabia\u0144ski
1694431,25707,EdenHazard
1694401,101705,AleksandrKokorin
1694423,70134,Rui Pedrodos Santos Patr\u00edcio
1694399,8436,DavidEdwards
1694410,7882,Petr\u010cech
1694426,25537,GrzegorzKrychowiak
1694437,57226,Hannes \u00de\u00f3rHalld\u00f3rsson
1694434,3305,Kl\u00e9perLaveran Lima Ferreira
1694440,258162,Renato J\u00faniorLuz Sanches
1694437,51127,Ari FreyrSk\u00falason
1694392,83574,Anton CiprianT\u0103t\u0103ru\u0219anu
1694420,15200,\u00c1d\u00e1mSzalai
1694436,14855,BenediktH\u00f6wedes
1694398,101669,ArtemDzyuba
1694406,105328,OlexandrKucher
1694440,70134,Rui Pedrodos Santos Patr\u00edcio
1694431,101690,Bal\u00e1zsDzsudzs\u00e1k
1694390,105330,R\u0103zvan Dinc\u0103Ra\u021b
1694425,64972,FlorianKlein
1694411,3324,\u00c1lvaro BorjaMorata Mart\u00edn
1694399,77548,JoeAllen
1694390,70090,Ionu\u021b CristianS\u0103punaru
1694411,32642,Hakan KadirBalta
1694407,9525,NiallMcGinn
1694406,99438,Micha\u0142Pazdan
1694426,99452,ArkadiuszMilik
1694418,20459,LeonardoBonucci
1694428,105332,DarijoSrna
1694434,3322,Cristiano Ronaldodos Santos Aveiro
1694418,25421,SalvatoreSirigu
1694394,231139,KingsleyComan
1694426,50102,Fabian LukasSch\u00e4r
1694392,105330,R\u0103zvan Dinc\u0103Ra\u021b
1694396,65090,Du\u0161an\u0160vento
1694421,32597,RicardoAndrade Quaresma Bernardo
1694391,7850,Johan DanonDjourou-Gbadjere
1694398,101825,IgorSmolnikov
1694390,105330,R\u0103zvan Dinc\u0103Ra\u021b
1694399,8421,JonathanWilliams
1694428,69400,MilanBadelj
1694413,32923,VolkanBabacan
1694426,20938,ValonBehrami
1694440,231139,KingsleyComan
1694440,70093,Jo\u00e3o FilipeIria Santos Moutinho
1694417,62071,DarrenRandolph
1694395,64078,BekimBalaj
1694390,3276,AdilRami
1694399,7944,WayneRooney
1694411,3289,MehmetTopal
1694430,224593,JoshuaKimmich
1694406,105341,TarasStepanenko
1694417,48,JanVertonghen
1694423,15188,JulianBaumgartlinger
1694437,55983,RagnarSigur\u00f0sson
1694400,13484,BamideleAlli
1694439,7858,BacarySagna
1694403,14806,MarioG\u00f6tze
1694416,20628,GrazianoPell\u00e8
1694434,14798,\u0141ukaszPiszczek
1694424,8372,Zolt\u00e1nGera
1694436,14855,BenediktH\u00f6wedes
1694437,26010,OlivierGiroud
1694436,18669,JonasHector
1694405,18669,JonasHector
1694421,3322,Cristiano Ronaldodos Santos Aveiro
1694409,3341,GerardPiqu\u00e9 Bernab\u00e9u
1694421,62221,K\u00e1ri\u00c1rnason
1694429,8624,JamesMcCarthy
1694440,28907,Rapha\u00ebl Adelino Jos\u00e9Guerreiro
1694417,3429,ThibautCourtois
1694415,7905,RomeluLukaku Menama
1694420,3725,\u00c1d\u00e1mPint\u00e9r
1694426,99452,ArkadiuszMilik
1694432,21095,MatteoDarmian
1694437,25381,HugoLloris
1694414,8346,WesleyHoolahan
1694404,241566,ViktorKovalenko
1694427,7870,AaronRamsey
1694428,211885,Andr\u00e9 FilipeTavares Gomes
1694425,208716,AlessandroSch\u00f6pf
1694419,7905,RomeluLukaku Menama
1694400,7960,Martin\u0160krtel
1694440,231139,KingsleyComan
1694408,7869,O\u011fuzhan\u00d6zyakup
1694440,25575,Andr\u00e9-PierreGignac
1694434,3322,Cristiano Ronaldodos Santos Aveiro
1694393,231139,KingsleyComan
1694404,105595,EvgenKhacheridi
1694428,37762,WilliamSilva de Carvalho
1694415,7860,ThomasVermaelen
1694398,101825,IgorSmolnikov
1694401,136441,BenDavies
1694409,3353,Andr\u00e9sIniesta Luj\u00e1n
1694424,3307,Ricardo AlbertoSilveira de Carvalho
1694432,3360,Pedro EliezerRodr\u00edguez Ledesma
1694439,18669,JonasHector
1694428,105361,IvanStrini\u0107
1694428,70134,Rui Pedrodos Santos Patr\u00edcio
1694416,14908,MarcusBerg
1694422,8372,Zolt\u00e1nGera
1694421,14940,Adelino Andr\u00e9 Vieira Freitas
1694440,3305,Kl\u00e9perLaveran Lima Ferreira
1694434,7847,\u0141ukaszFabia\u0144ski
1694436,3319,Mesut\u00d6zil
1694440,26010,OlivierGiroud
1694410,14771,Vedran\u0106orluka
1694414,51132,EmilForsberg
1694426,99452,ArkadiuszMilik
1694405,14806,MarioG\u00f6tze
1694390,84017,AdrianPopa
1694420,16126,RobertAlmer
1694411,7869,O\u011fuzhan\u00d6zyakup
1694436,20395,MattiaDe Sciglio
1694426,14817,RobertLewandowski
1694419,20876,AlbinEkdal
1694424,258162,Renato J\u00faniorLuz Sanches
1694416,51343,ErikJohansson
1694391,50318,ErmirLenjani
1694434,99438,Micha\u0142Pazdan
1694402,62001,KyleLafferty
1694440,70389,C\u00e9dric RicardoAlves Soares
1694421,3305,Kl\u00e9perLaveran Lima Ferreira
1694417,134769,YannickFerreira Carrasco
1694424,3725,\u00c1d\u00e1mPint\u00e9r
1694434,37762,WilliamSilva de Carvalho
1694391,20591,G\u00e9lson da Concei\u00e7\u00e3o TavaresFernandes
1694406,105341,TarasStepanenko
1694404,105518,ArtemFedetskiy
1694431,7905,RomeluLukaku Menama
1694402,7979,ShaneFerguson
1694415,21095,MatteoDarmian
1694440,25397,Samuel YvesUmtiti
1694414,8529,SebastianLarsson
1694419,21275,AndreasGranqvist
1694397,7944,WayneRooney
1694429,8530,JamesMcClean
1694436,3319,Mesut\u00d6zil
1694415,70123,Axel Witsel
1694437,92982,Ei\u00f0ur Sm\u00e1riGu\u00f0johnsen
1694395,83574,Anton CiprianT\u0103t\u0103ru\u0219anu
1694409,3306,SergioRamos Garc\u00eda
1694424,14940,Adelino Andr\u00e9 Vieira Freitas
1694397,101669,ArtemDzyuba
1694416,20420,ZlatanIbrahimovi\u0107
1694431,299557,\u00c1d\u00e1mNagy
1694405,14817,RobertLewandowski
1694428,70134,Rui Pedrodos Santos Patr\u00edcio
1694402,15282,S\u0142awomirPeszko
1694413,32572,BurakY\u0131lmaz
1694416,25408,KimK\u00e4llstr\u00f6m
1694404,8773,OliverNorwood
1694419,38021,KevinDe Bruyne
1694419,38021,KevinDe Bruyne
1694432,22566,Alessandro Florenzi
1694403,105622,AndriyYarmolenko
1694416,51343,ErikJohansson
1694423,14760,MartinHarnik
1694434,70134,Rui Pedrodos Santos Patr\u00edcio
1694406,241566,ViktorKovalenko
1694430,14712,ManuelNeuer
1694404,9620,CorryEvans
1694399,136441,BenDavies
1694419,20879,RadjaNainggolan
1694434,37762,WilliamSilva de Carvalho
1694440,70134,Rui Pedrodos Santos Patr\u00edcio
1694415,7860,ThomasVermaelen
1694420,75131,AttilaFiola
1694421,55983,RagnarSigur\u00f0sson
1694407,9403,CraigCathcart
1694436,21350,MarcoParolo
1694427,80019,StuartDallas
1694433,57226,Hannes \u00de\u00f3rHalld\u00f3rsson
1694401,101568,RomanShirokov
1694415,7905,RomeluLukaku Menama
1694416,21350,MarcoParolo
1694400,78488,Mat\u00fa\u0161Koz\u00e1\u010dik
1694399,13484,BamideleAlli
1694419,70123,Axel Witsel
1694400,8140,AdamLallana
1694417,8346,WesleyHoolahan
1694423,14853,ChristianFuchs
1694426,14817,RobertLewandowski
1694410,82359,Josef\u0160ural
1694423,65254,KevinWimmer
1694406,269189,BartoszKapustka
1694438,7926,Lu\u00eds CarlosAlmeida da Cunha
1694434,14817,RobertLewandowski
1694438,70389,C\u00e9dric RicardoAlves Soares
1694411,3541,Bruno Soriano Llido
1694433,7944,WayneRooney
1694404,7914,JonnyEvans
1694405,33032,KamilGrosicki
1694407,3318,SamiKhedira
1694392,49977,MichaelLang
1694425,38084,BirkirBjarnason
1694440,7915,PatriceEvra
1694428,70403,Adrien SebastianPerruchet Silva
1694418,8242,ShaneDuffy
1694438,258162,Renato J\u00faniorLuz Sanches
1694400,138408,Milan\u0160kriniar
1694426,49855,YannSommer
1694412,212604,TinJedvaj
1694433,8292,DannyRose
1694411,3447,Juan FranciscoTorres Bel\u00e9n
1694423,3307,Ricardo AlbertoSilveira de Carvalho
1694427,9620,CorryEvans
1694393,49982,AmirAbrashi
1694413,7882,Petr\u010cech
1694431,76201,\u00c1d\u00e1mLang
1694408,135810,MarkoPjaca
1694420,102382,Tam\u00e1s Priskin
1694421,56183,The\u00f3d\u00f3r ElmarBjarnason
1694438,77546,AshleyWilliams
1694391,50849,EtritBerisha
1694394,7855,LaurentKoscielny
1694408,14812,IvanPeri\u0161i\u0107
1694427,136441,BenDavies
1694398,3813,Vladim\u00edrWeiss
1694434,14804,JakubB\u0142aszczykowski
1694440,3305,Kl\u00e9perLaveran Lima Ferreira
1694403,105331,VyacheslavShevchuk
1694390,31528,N'GoloKant\u00e9
1694426,282772,Breel-DonaldEmbolo
1694395,50318,ErmirLenjani
1694401,101581,VasiliBerezutski
1694406,241564,OleksandrZinchenko
1694433,77558,Gylfi \u00de\u00f3rSigur\u00f0sson
1694436,18669,JonasHector
1694393,7915,PatriceEvra
1694400,7964,Jordan BrianHenderson
1694392,49876,GranitXhaka
1694403,105320,AndriyPyatov
1694417,8240,S\u00e9amusColeman
1694438,8425,Wayne Hennessey
1694390,84536,Drago\u0219Grigore
1694431,33082,\u00c1kosElek
1694412,3269,JordiAlba Ramos
1694393,92334,AnsiAgolli
1694436,21385,LorenzoInsigne
1694433,11066,Raheem ShaquilleSterling
1694436,18669,JonasHector
1694425,65596,MarcelSabitzer
1694409,15094,RomanHubn\u00edk
1694405,14732,ThomasM\u00fcller
1694412,105332,DarijoSrna
1694414,8752,Jonathan Walters
1694412,14771,Vedran\u0106orluka
1694423,37762,WilliamSilva de Carvalho
1694414,8752,Jonathan Walters
1694434,14817,RobertLewandowski
1694411,3320,Nuri\u015eahin
1694413,54375,Bo\u0159ekDo\u010dkal
1694394,3276,AdilRami
1694426,50102,Fabian LukasSch\u00e4r
1694433,8717,HarryKane
1694434,14804,JakubB\u0142aszczykowski
1694390,25437,BlaiseMatuidi
1694413,82644,DavidPavelka
1694419,14908,MarcusBerg
1694428,3322,Cristiano Ronaldodos Santos Aveiro
1694428,14812,IvanPeri\u0161i\u0107
1694393,49981,Taulant RagipXhaka
1694435,70123,Axel Witsel
1694419,20879,RadjaNainggolan
1694429,8242,ShaneDuffy
1694440,25437,BlaiseMatuidi
1694397,101856,OlegShatov
1694409,82359,Josef\u0160ural
1694431,20879,RadjaNainggolan
1694394,25381,HugoLloris
1694406,14729,AnatoliyTymoshchuk
1694434,21097,KamilGlik
1694405,14855,BenediktH\u00f6wedes
1694406,99381,ArturJ\u0119drzejczyk
1694420,14696,ZlatkoJunuzovi\u0107
1694430,138408,Milan\u0160kriniar
1694396,3813,Vladim\u00edrWeiss
1694410,69968,MarceloBrozovi\u0107
1694426,7847,\u0141ukaszFabia\u0144ski
1694405,14804,JakubB\u0142aszczykowski
1694429,25714,Dimitri Payet
1694427,77548,JoeAllen
1694409,7910,Davidde Gea Quintana
1694424,76201,\u00c1d\u00e1mLang
1694440,70134,Rui Pedrodos Santos Patr\u00edcio
1694436,14795,Mats Hummels
1694410,82518,Vladim\u00edrDarida
1694411,3353,Andr\u00e9sIniesta Luj\u00e1n
1694439,3319,Mesut\u00d6zil
1694400,101616,J\u00e1n\u010eurica
1694400,7922,ChrisSmalling
1694413,21351,DanielPudil
1694427,77546,AshleyWilliams
1694397,8292,DannyRose
1694403,3318,SamiKhedira
1694435,9127,SamVokes
1694404,9403,CraigCathcart
1694432,20468,EmanueleGiaccherini
1694430,82528,Michal\u010euri\u0161
1694391,93608,ErgysKa\u00e7e
1694425,57347,Sverrir IngiIngason
1694417,9623,RobbieBrady
1694428,3322,Cristiano Ronaldodos Santos Aveiro
1694408,3448,ArdaTuran
1694411,3447,Juan FranciscoTorres Bel\u00e9n
1694394,105619,AdmirMehmedi
1694392,105619,AdmirMehmedi
1694424,37724,RolandJuh\u00e1sz
1694408,281255,EmreMor
1694393,25381,HugoLloris
1694422,101690,Bal\u00e1zsDzsudzs\u00e1k
1694424,70093,Jo\u00e3o FilipeIria Santos Moutinho
1694411,15524,Hakan\u00c7alhano\u011flu
1694413,82266,LadislavKrej\u010d\u00ed
1694426,14798,\u0141ukaszPiszczek
1694430,14716,J\u00e9r\u00f4meBoateng
1694430,101616,J\u00e1n\u010eurica
1694440,7855,LaurentKoscielny
1694405,14862,JulianDraxler
1694408,3448,ArdaTuran
1694393,15449,M\u00ebrgimMavraj
1694434,99462,TomaszJod\u0142owiec
1694426,49855,YannSommer
1694438,8005,James MichaelCollins
1694440,70389,C\u00e9dric RicardoAlves Soares
1694436,21350,MarcoParolo
1694415,20879,RadjaNainggolan
1694418,20459,LeonardoBonucci
1694396,7960,Martin\u0160krtel
1694397,11066,Raheem ShaquilleSterling
1694412,3341,GerardPiqu\u00e9 Bernab\u00e9u
1694422,76201,\u00c1d\u00e1mLang
1694415,20459,LeonardoBonucci
1694415,21384,CiroImmobile
1694401,77548,JoeAllen
1694437,25397,Samuel YvesUmtiti
1694397,101581,VasiliBerezutski
1694440,25804,MoussaSissoko
1694418,21290,StefanoSturaro
1694434,7847,\u0141ukaszFabia\u0144ski
1694434,70389,C\u00e9dric RicardoAlves Soares
1694436,20459,LeonardoBonucci
1694433,58105,J\u00f3n Da\u00f0iB\u00f6\u00f0varsson
1694436,21095,MatteoDarmian
1694439,25714,Dimitri Payet
1694399,13484,BamideleAlli
1694428,105332,DarijoSrna
1694401,101663,DmitriKombarov
1694434,25537,GrzegorzKrychowiak
1694412,3447,Juan FranciscoTorres Bel\u00e9n
1694395,92334,AnsiAgolli
1694426,20465,StephanLichtsteiner
1694436,20455,GianluigiBuffon
1694435,61963,JoeLedley
1694436,14723,ToniKroos
1694393,21001,Elseid G\u00ebzimHysaj
1694410,105361,IvanStrini\u0107
1694414,9623,RobbieBrady
1694420,49859,AleksandarDragovi\u0107
1694390,33235,Bogdan SorinStancu
1694394,7936,PaulPogba
1694395,49982,AmirAbrashi
1694425,77521,Aron EinarGunnarsson
1694405,14731,MarioG\u00f3mez Garc\u00eda
1694428,3476,IvanRakiti\u0107
1694401,77544,NeilTaylor
1694396,7870,AaronRamsey
1694402,99446,KrzysztofM\u0105czy\u0144ski
1694428,14812,IvanPeri\u0161i\u0107
1694434,3322,Cristiano Ronaldodos Santos Aveiro
1694408,32572,BurakY\u0131lmaz
1694410,69400,MilanBadelj
1694422,299557,\u00c1d\u00e1mNagy
1694419,151,JohnGuidetti
1694408,32566,Volkan\u015een
1694440,3682,AntoineGriezmann
1694401,77548,JoeAllen
1694390,25381,HugoLloris
1694434,269189,BartoszKapustka
1694431,15206,G\u00e1borKir\u00e1ly
1694435,3429,ThibautCourtois
1694436,20628,GrazianoPell\u00e8
1694393,3682,AntoineGriezmann
1694413,82359,Josef\u0160ural
1694418,25439,ThiagoMotta
1694406,105622,AndriyYarmolenko
1694413,32524,G\u00f6khanG\u00f6n\u00fcl
1694406,105622,AndriyYarmolenko
1694422,15206,G\u00e1borKir\u00e1ly
1694415,25707,EdenHazard
1694395,49982,AmirAbrashi
1694402,234710,ConorWashington
1694414,8624,JamesMcCarthy
1694412,3341,GerardPiqu\u00e9 Bernab\u00e9u
1694416,22566,Alessandro Florenzi
1694407,9620,CorryEvans
1694408,69411,AndrejKramari\u0107
1694412,135810,MarkoPjaca
1694430,32959,PeterPekar\u00edk
1694398,32959,PeterPekar\u00edk
1694425,65075,MartinHinteregger
1694406,105716,BohdanButko
1694407,224593,JoshuaKimmich
1694415,20458,AndreaBarzagli
1694436,21350,MarcoParolo
1694439,25804,MoussaSissoko
1694417,11152,Moussa Sidi YayaDemb\u00e9l\u00e9
1694406,99661,ThiagoRangel Cionek
1694429,9623,RobbieBrady
1694440,25397,Samuel YvesUmtiti
1694408,3476,IvanRakiti\u0107
1694433,54451,Birkir M\u00e1rS\u00e6varsson
1694403,105344,YevhenSeleznyov
1694434,20496,Danilo Lu\u00edsH\u00e9lio Pereira
1694392,20465,StephanLichtsteiner
1694400,7873,JackWilshere
1694412,135747,DanijelSuba\u0161i\u0107
1694426,25537,GrzegorzKrychowiak
1694430,14716,J\u00e9r\u00f4meBoateng
1694414,14908,MarcusBerg
1694427,8773,OliverNorwood
1694413,3448,ArdaTuran
1694413,32566,Volkan\u015een
1694393,50318,ErmirLenjani
1694415,25439,ThiagoMotta
1694415,21095,MatteoDarmian
1694421,211885,Andr\u00e9 FilipeTavares Gomes
1694423,14703,MarkoArnautovi\u0107
1694430,224593,JoshuaKimmich
1694410,82510,DavidLimbersk\u00fd
1694433,55983,RagnarSigur\u00f0sson
1694415,20438,DanieleDe Rossi
1694426,7850,Johan DanonDjourou-Gbadjere
1694432,7910,Davidde Gea Quintana
1694425,38084,BirkirBjarnason
1694402,8989,JamieWard
1694428,8287,LukaModri\u0107
1694392,84536,Drago\u0219Grigore
1694412,8317,David Josu\u00e9Jim\u00e9nez Silva
1694407,14712,ManuelNeuer
1694430,15291,LukasPodolski
1694437,25397,Samuel YvesUmtiti
1694391,50264,BurimKukeli
1694407,234710,ConorWashington
1694419,36,TobyAlderweireld
1694422,57226,Hannes \u00de\u00f3rHalld\u00f3rsson
1694418,246061,FedericoBernardeschi
1694434,258162,Renato J\u00faniorLuz Sanches
1694394,25381,HugoLloris
1694436,22566,Alessandro Florenzi
1694395,92334,AnsiAgolli
1694414,8004,CiaranClark
1694416,8192,MartinOlsson
1694439,3319,Mesut\u00d6zil
1694428,105376,NikolaKalini\u0107
1694400,101616,J\u00e1n\u010eurica
1694440,8126,Jos\u00e9 Miguelda Rocha Fonte
1694396,21171,MarekHam\u0161\u00edk
1694429,25381,HugoLloris
1694434,269189,BartoszKapustka
1694424,3305,Kl\u00e9perLaveran Lima Ferreira
1694412,3345,ThiagoAlc\u00e2ntara do Nascimento
1694397,8277,KyleWalker
1694431,15200,\u00c1d\u00e1mSzalai
1694390,26010,OlivierGiroud
1694427,8831,ChrisGunter
1694401,7870,AaronRamsey
1694405,25537,GrzegorzKrychowiak
1694412,3290,AritzAduriz Zubeldia
1694424,75292,Gerg\u0151Lovrencsics
1694430,21171,MarekHam\u0161\u00edk
1694411,3350,FrancescF\u00e0bregas i Soler
1694405,14716,J\u00e9r\u00f4meBoateng
1694416,8529,SebastianLarsson
1694405,14789,Andr\u00e9Sch\u00fcrrle
1694438,3322,Cristiano Ronaldodos Santos Aveiro
1694433,56183,The\u00f3d\u00f3r ElmarBjarnason
1694426,14787,ErenDerdiyok
1694426,21097,KamilGlik
1694426,33032,KamilGrosicki
1694412,3353,Andr\u00e9sIniesta Luj\u00e1n
1694416,51132,EmilForsberg
1694401,101669,ArtemDzyuba
1694437,55983,RagnarSigur\u00f0sson
1694399,9615,JamesChester
1694438,101558,Bruno EduardoRegufe Alves
1694434,70093,Jo\u00e3o FilipeIria Santos Moutinho
1694436,14728,BastianSchweinsteiger
1694429,8764,RichardKeogh
1694404,105518,ArtemFedetskiy
1694414,62071,DarrenRandolph
1694409,82644,DavidPavelka
1694428,70403,Adrien SebastianPerruchet Silva
1694418,8384,Shane Long
1694429,8764,RichardKeogh
1694431,3725,\u00c1d\u00e1mPint\u00e9r
1694411,3306,SergioRamos Garc\u00eda
1694411,223071,OzanTufan
1694428,105361,IvanStrini\u0107
1694429,3276,AdilRami
1694401,8436,DavidEdwards
1694426,99381,ArturJ\u0119drzejczyk
1694422,92982,Ei\u00f0ur Sm\u00e1riGu\u00f0johnsen
1694434,99446,KrzysztofM\u0105czy\u0144ski
1694398,101583,SergeiIgnashevich
1694437,25714,Dimitri Payet
1694421,93,Johann Berg Gu\u00f0munds\u00adson
1694414,8192,MartinOlsson
1694418,22566,Alessandro Florenzi
1694422,76201,\u00c1d\u00e1mLang
1694396,77548,JoeAllen
1694398,101856,OlegShatov
1694405,18669,JonasHector
1694417,25707,EdenHazard
1694426,105619,AdmirMehmedi
1694410,3476,IvanRakiti\u0107
1694429,62071,DarrenRandolph
1694423,32597,RicardoAndrade Quaresma Bernardo
1694440,8126,Jos\u00e9 Miguelda Rocha Fonte
1694440,25381,HugoLloris
1694393,7936,PaulPogba
1694419,20420,ZlatanIbrahimovi\u0107
1694397,101576,IgorAkinfeev
1694413,32636,CenkTosun
1694430,7960,Martin\u0160krtel
1694433,55983,RagnarSigur\u00f0sson
1694427,62001,KyleLafferty
1694439,25437,BlaiseMatuidi
1694404,8773,OliverNorwood
1694436,20468,EmanueleGiaccherini
1694421,70134,Rui Pedrodos Santos Patr\u00edcio
1694423,3322,Cristiano Ronaldodos Santos Aveiro
1694435,8831,ChrisGunter
1694437,77558,Gylfi \u00de\u00f3rSigur\u00f0sson
1694418,20458,AndreaBarzagli
1694394,7850,Johan DanonDjourou-Gbadjere
1694419,71703,VictorNilsson Lindel\u00f6f
1694428,3305,Kl\u00e9perLaveran Lima Ferreira
1694403,105503,SerhiySydorchuk
1694433,66,KolbeinnSig\u00fe\u00f3rsson
1694439,25804,MoussaSissoko
1694413,101607,Tom\u00e1\u0161 Necid
1694406,99462,TomaszJod\u0142owiec
1694395,21104,Migjen XhevatBasha
1694425,57226,Hannes \u00de\u00f3rHalld\u00f3rsson
1694440,70093,Jo\u00e3o FilipeIria Santos Moutinho
1694409,101607,Tom\u00e1\u0161 Necid
1694412,3447,Juan FranciscoTorres Bel\u00e9n
1694418,8384,Shane Long
1694436,20626,EderCitadin Martins
1694440,7915,PatriceEvra
1694423,208716,AlessandroSch\u00f6pf
1694415,20626,EderCitadin Martins
1694419,8192,MartinOlsson
1694427,9403,CraigCathcart
1694435,20879,RadjaNainggolan
1694412,3541,Bruno Soriano Llido
1694415,20461,GiorgioChiellini
1694422,74943,L\u00e1szl\u00f3Kleinheisler
1694412,69409,\u0160imeVrsaljko
1694400,101555,Tom\u00e1\u0161Hubo\u010dan
1694417,8624,JamesMcCarthy
1694414,71703,VictorNilsson Lindel\u00f6f
1694394,7915,PatriceEvra
1694417,8624,JamesMcCarthy
1694438,8425,Wayne Hennessey
1694396,32539,MiroslavStoch
1694391,20555,Lorik AgimCana
1694396,15142,R\u00f3bertMak
1694402,8797,ConorMcLaughlin
1694436,20455,GianluigiBuffon
1694391,14922,Ricardo Iv\u00e1nRodr\u00edguez Araya
1694424,7926,Lu\u00eds CarlosAlmeida da Cunha
1694425,15188,JulianBaumgartlinger
1694418,20395,MattiaDe Sciglio
1694418,21100,AngeloObinze Ogbonna
1694427,7914,JonnyEvans
1694410,82487,PavelKade\u0159\u00e1bek
1694396,3813,Vladim\u00edrWeiss
1694413,223071,OzanTufan
1694432,3324,\u00c1lvaro BorjaMorata Mart\u00edn
1694410,15094,RomanHubn\u00edk
1694390,83575,Vlad IulianChiriche\u0219
1694427,234710,ConorWashington
1694425,56183,The\u00f3d\u00f3r ElmarBjarnason
1694427,136441,BenDavies
1694435,70123,Axel Witsel
1694423,64972,FlorianKlein
1694401,101596,PavelMamaev
1694428,7926,Lu\u00eds CarlosAlmeida da Cunha
1694401,61963,JoeLedley
1694407,18669,JonasHector
1694418,22566,Alessandro Florenzi
1694432,21350,MarcoParolo
1694406,99438,Micha\u0142Pazdan
1694407,14731,MarioG\u00f3mez Garc\u00eda
1694393,231139,KingsleyComan
1694396,136509,DannyWard
1694427,61988,StevenDavis
1694419,25408,KimK\u00e4llstr\u00f6m
1694425,15188,JulianBaumgartlinger
1694403,105341,TarasStepanenko
1694408,32524,G\u00f6khanG\u00f6n\u00fcl
1694422,55983,RagnarSigur\u00f0sson
1694392,49855,YannSommer
1694436,14716,J\u00e9r\u00f4meBoateng
1694434,8126,Jos\u00e9 Miguelda Rocha Fonte
1694407,3319,Mesut\u00d6zil
1694417,70123,Axel Witsel
1694394,282772,Breel-DonaldEmbolo
1694440,26010,OlivierGiroud
1694409,82487,PavelKade\u0159\u00e1bek
1694424,15206,G\u00e1borKir\u00e1ly
1694434,70403,Adrien SebastianPerruchet Silva
1694426,49876,GranitXhaka
1694436,20455,GianluigiBuffon
1694403,241566,ViktorKovalenko
1694421,77558,Gylfi \u00de\u00f3rSigur\u00f0sson
1694440,32597,RicardoAndrade Quaresma Bernardo
1694436,20395,MattiaDe Sciglio
1694415,134769,YannickFerreira Carrasco
1694440,37762,WilliamSilva de Carvalho
1694436,21290,StefanoSturaro
1694425,58105,J\u00f3n Da\u00f0iB\u00f6\u00f0varsson
1694425,77558,Gylfi \u00de\u00f3rSigur\u00f0sson
1694439,18550,EmreCan
1694431,37724,RolandJuh\u00e1sz
1694412,3306,SergioRamos Garc\u00eda
1694401,61963,JoeLedley
1694399,77546,AshleyWilliams
1694400,8140,AdamLallana
1694398,15142,R\u00f3bertMak
1694435,7870,AaronRamsey
1694399,77544,NeilTaylor
1694405,3319,Mesut\u00d6zil
1694401,9127,SamVokes
1694431,37824,ThomasMeunier
1694434,70093,Jo\u00e3o FilipeIria Santos Moutinho
1694407,62001,KyleLafferty
1694440,25397,Samuel YvesUmtiti
1694415,25707,EdenHazard
1694396,136509,DannyWard
1694423,70134,Rui Pedrodos Santos Patr\u00edcio
1694434,99452,ArkadiuszMilik
1694440,25575,Andr\u00e9-PierreGignac
1694410,14771,Vedran\u0106orluka
1694424,14940,Adelino Andr\u00e9 Vieira Freitas
1694427,8989,JamieWard
1694437,37948,Alfre\u00f0Finnbogason
1694432,8317,David Josu\u00e9Jim\u00e9nez Silva
1694438,9615,JamesChester
1694419,21275,AndreasGranqvist
1694399,7922,ChrisSmalling
1694428,28907,Rapha\u00ebl Adelino Jos\u00e9Guerreiro
1694407,14789,Andr\u00e9Sch\u00fcrrle
1694411,32923,VolkanBabacan
1694411,32923,VolkanBabacan
1694405,33032,KamilGrosicki
1694436,21095,MatteoDarmian
1694391,50102,Fabian LukasSch\u00e4r
1694395,83972,AlexandruM\u0103\u021bel
1694420,15188,JulianBaumgartlinger
1694398,101669,ArtemDzyuba
1694394,49876,GranitXhaka
1694440,8126,Jos\u00e9 Miguelda Rocha Fonte
1694430,14862,JulianDraxler
1694417,36,TobyAlderweireld
1694425,58105,J\u00f3n Da\u00f0iB\u00f6\u00f0varsson
1694391,49982,AmirAbrashi
1694423,3305,Kl\u00e9perLaveran Lima Ferreira
1694397,8140,AdamLallana
1694415,20455,GianluigiBuffon
1694420,74943,L\u00e1szl\u00f3Kleinheisler
1694437,7936,PaulPogba
1694432,20626,EderCitadin Martins
1694432,3353,Andr\u00e9sIniesta Luj\u00e1n
1694413,82518,Vladim\u00edrDarida
1694427,9615,JamesChester
1694410,7871,Tom\u00e1\u0161 Rosick\u00fd
1694401,8831,ChrisGunter
1694429,25381,HugoLloris
1694398,101856,OlegShatov
1694395,93339,AndiLila
1694398,101585,GeorgiShchennikov
1694439,7858,BacarySagna
1694394,105619,AdmirMehmedi
1694392,83574,Anton CiprianT\u0103t\u0103ru\u0219anu
1694426,14922,Ricardo Iv\u00e1nRodr\u00edguez Araya
1694436,14712,ManuelNeuer
1694434,14804,JakubB\u0142aszczykowski
1694400,8301,JoeHart
1694391,92334,AnsiAgolli
1694395,83575,Vlad IulianChiriche\u0219
1694410,105332,DarijoSrna
1694417,8744,Glenn Whelan
1694424,3322,Cristiano Ronaldodos Santos Aveiro
1694413,32656,Sel\u00e7uk\u0130nan
1694422,75137,D\u00e1nielB\u00f6de
1694390,33235,Bogdan SorinStancu
1694394,7936,PaulPogba
1694392,33235,Bogdan SorinStancu
1694413,32580,\u0130smailK\u00f6yba\u015f\u0131
1694399,8292,DannyRose
1694409,70125,ManuelAgudo Dur\u00e1n
1694425,62221,K\u00e1ri\u00c1rnason
1694428,69396,DomagojVida
1694431,7980,Tam\u00e1sK\u00e1d\u00e1r
1694439,14716,J\u00e9r\u00f4meBoateng
1694402,8797,ConorMcLaughlin
1694415,3429,ThibautCourtois
1694417,7905,RomeluLukaku Menama
1694435,20879,RadjaNainggolan
1694397,101596,PavelMamaev
1694395,93339,AndiLila
1694426,49872,XherdanShaqiri
1694390,25381,HugoLloris
1694440,70134,Rui Pedrodos Santos Patr\u00edcio
1694427,8362,GarethMcAuley
1694403,105518,ArtemFedetskiy
1694394,7988,YohanCabaye
1694396,218896,OndrejDuda
1694405,14795,Mats Hummels
1694421,20496,Danilo Lu\u00edsH\u00e9lio Pereira
1694413,82518,Vladim\u00edrDarida
1694414,8744,Glenn Whelan
1694426,99446,KrzysztofM\u0105czy\u0144ski
1694435,38021,KevinDe Bruyne
1694426,7847,\u0141ukaszFabia\u0144ski
1694393,22323,LedianMemushaj
1694404,80019,StuartDallas
1694434,7847,\u0141ukaszFabia\u0144ski
1694406,99902,PiotrZieli\u0144ski
1694414,97,AndreasIsaksson
1694430,32803,Stanislav\u0160est\u00e1k
1694426,20766,HarisSeferovi\u0107
1694434,3570,EliseuPereira dos Santos
1694414,20876,AlbinEkdal
1694421,211885,Andr\u00e9 FilipeTavares Gomes
1694426,99446,KrzysztofM\u0105czy\u0144ski
1694415,20395,MattiaDe Sciglio
1694440,7926,Lu\u00eds CarlosAlmeida da Cunha
1694407,8773,OliverNorwood
1694412,70125,ManuelAgudo Dur\u00e1n
1694391,20465,StephanLichtsteiner
1694427,77548,JoeAllen
1694428,8287,LukaModri\u0107
1694426,99462,TomaszJod\u0142owiec
1694401,101580,AlexeiBerezutski
1694440,8126,Jos\u00e9 Miguelda Rocha Fonte
1694402,99452,ArkadiuszMilik
1694424,75014,Barnab\u00e1sBese
1694425,93,Johann Berg Gu\u00f0munds\u00adson
1694394,20938,ValonBehrami
1694428,8126,Jos\u00e9 Miguelda Rocha Fonte
1694421,3307,Ricardo AlbertoSilveira de Carvalho
1694429,31528,N'GoloKant\u00e9
1694440,70403,Adrien SebastianPerruchet Silva
1694407,8989,JamieWard
1694393,3276,AdilRami
1694436,20626,EderCitadin Martins
1694428,7926,Lu\u00eds CarlosAlmeida da Cunha
1694413,32582,Tom\u00e1\u0161Sivok
1694435,37824,ThomasMeunier
1694394,21169,BlerimD\u017eemaili
1694418,21385,LorenzoInsigne
1694431,48,JanVertonghen
1694431,36,TobyAlderweireld
1694438,20496,Danilo Lu\u00edsH\u00e9lio Pereira
1694400,12829,JamieVardy
1694426,14798,\u0141ukaszPiszczek
1694439,7915,PatriceEvra
1694425,66,KolbeinnSig\u00fe\u00f3rsson
1694424,15206,G\u00e1borKir\u00e1ly
1694430,3318,SamiKhedira
1694424,15196,Zolt\u00e1nStieber
1694407,62331,MichaelMcGovern
1694390,25804,MoussaSissoko
1694416,71703,VictorNilsson Lindel\u00f6f
1694422,75209,Rich\u00e1rdGuzmics
1694401,101825,IgorSmolnikov
1694409,3360,Pedro EliezerRodr\u00edguez Ledesma
1694429,8752,Jonathan Walters
1694398,101616,J\u00e1n\u010eurica
1694438,70389,C\u00e9dric RicardoAlves Soares
1694424,33082,\u00c1kosElek
1694436,14712,ManuelNeuer
1694440,25575,Andr\u00e9-PierreGignac
1694400,104867,ViktorPe\u010dovsk\u00fd
1694434,7847,\u0141ukaszFabia\u0144ski
1694395,50461,ArmandoSadiku
1694395,38598,DenisAlibec
1694398,15142,R\u00f3bertMak
1694432,20459,LeonardoBonucci
1694400,7887,Gary Cahill
1694398,257800,AleksandrGolovin
1694426,282772,Breel-DonaldEmbolo
1694399,8140,AdamLallana
1694410,14812,IvanPeri\u0161i\u0107
1694438,8831,ChrisGunter
1694415,70123,Axel Witsel
1694430,14728,BastianSchweinsteiger
1694413,32923,VolkanBabacan
1694393,22323,LedianMemushaj
1694410,7871,Tom\u00e1\u0161 Rosick\u00fd
1694413,32524,G\u00f6khanG\u00f6n\u00fcl
1694440,7855,LaurentKoscielny
1694402,25537,GrzegorzKrychowiak
1694397,8717,HarryKane
1694405,99438,Micha\u0142Pazdan
1694421,28907,Rapha\u00ebl Adelino Jos\u00e9Guerreiro
1694438,258162,Renato J\u00faniorLuz Sanches
1694410,82487,PavelKade\u0159\u00e1bek
1694411,25553,C\u00e9sarAzpilicueta Tanco
1694429,8603,DarylMurphy
1694440,3322,Cristiano Ronaldodos Santos Aveiro
1694436,20458,AndreaBarzagli
1694436,21290,StefanoSturaro
1694436,20461,GiorgioChiellini
1694420,101690,Bal\u00e1zsDzsudzs\u00e1k
1694403,14806,MarioG\u00f6tze
1694432,3346,SergioBusquets i Burgos
1694393,25714,Dimitri Payet
1694403,105378,YevhenKonoplyanka
1694428,8126,Jos\u00e9 Miguelda Rocha Fonte
1694412,3306,SergioRamos Garc\u00eda
1694425,93,Johann Berg Gu\u00f0munds\u00adson
1694440,70389,C\u00e9dric RicardoAlves Soares
1694428,14771,Vedran\u0106orluka
1694428,69968,MarceloBrozovi\u0107
1694416,51132,EmilForsberg
1694421,77521,Aron EinarGunnarsson
1694430,18669,JonasHector
1694439,25437,BlaiseMatuidi
1694415,134708,DivockOkoth Origi
1694438,8686,HalRobson-Kanu
1694415,20468,EmanueleGiaccherini
1694420,208716,AlessandroSch\u00f6pf
1694423,65075,MartinHinteregger
1694436,20468,EmanueleGiaccherini
1694401,101825,IgorSmolnikov
1694418,21290,StefanoSturaro
1694420,14853,ChristianFuchs
1694430,14731,MarioG\u00f3mez Garc\u00eda
1694416,20461,GiorgioChiellini
1694426,33032,KamilGrosicki
1694439,14855,BenediktH\u00f6wedes
1694416,20455,GianluigiBuffon
1694431,7860,ThomasVermaelen
1694432,3306,SergioRamos Garc\u00eda
1694399,7907,DanielSturridge
1694432,3269,JordiAlba Ramos
1694406,99452,ArkadiuszMilik
1694398,101596,PavelMamaev
1694432,8317,David Josu\u00e9Jim\u00e9nez Silva
1694432,20395,MattiaDe Sciglio
1694428,3305,Kl\u00e9perLaveran Lima Ferreira
1694410,82684,DavidLafata
1694399,8277,KyleWalker
1694418,8240,S\u00e9amusColeman
1694434,25537,GrzegorzKrychowiak
1694428,14812,IvanPeri\u0161i\u0107
1694433,93,Johann Berg Gu\u00f0munds\u00adson
1694404,105341,TarasStepanenko
1694423,70093,Jo\u00e3o FilipeIria Santos Moutinho
1694427,9525,NiallMcGinn
1694397,8140,AdamLallana
1694407,3319,Mesut\u00d6zil
1694422,299557,\u00c1d\u00e1mNagy
1694426,99452,ArkadiuszMilik
1694417,7860,ThomasVermaelen
1694440,25437,BlaiseMatuidi
1694408,32523,CanerErkin
1694413,82520,DanielKol\u00e1\u0159
1694438,8498,AndyKing
1694399,8686,HalRobson-Kanu
1694410,25596,JaroslavPla\u0161il
1694393,31528,N'GoloKant\u00e9
1694394,3276,AdilRami
1694419,25408,KimK\u00e4llstr\u00f6m
1694408,69396,DomagojVida
1694434,14817,RobertLewandowski
1694412,3476,IvanRakiti\u0107
1694409,82487,PavelKade\u0159\u00e1bek
1694434,99381,ArturJ\u0119drzejczyk
1694398,101705,AleksandrKokorin
1694428,32597,RicardoAndrade Quaresma Bernardo
1694437,25381,HugoLloris
1694422,58105,J\u00f3n Da\u00f0iB\u00f6\u00f0varsson
1694396,9615,JamesChester
1694393,93339,AndiLila
1694403,241566,ViktorKovalenko
1694407,14712,ManuelNeuer
1694428,7926,Lu\u00eds CarlosAlmeida da Cunha
1694440,70410,\u00c9derzito Ant\u00f3nioMacedo Lopes
1694396,32959,PeterPekar\u00edk
1694399,61963,JoeLedley
1694402,136704,PaddyMcNair
1694409,82266,LadislavKrej\u010d\u00ed
1694427,8773,OliverNorwood
1694398,78488,Mat\u00fa\u0161Koz\u00e1\u010dik
1694438,7926,Lu\u00eds CarlosAlmeida da Cunha
1694426,99438,Micha\u0142Pazdan
1694397,101707,FyodorSmolov
1694426,49876,GranitXhaka
1694394,7858,BacarySagna
1694408,32524,G\u00f6khanG\u00f6n\u00fcl
1694399,9615,JamesChester
1694392,83575,Vlad IulianChiriche\u0219
1694392,83590,Alexandru Mih\u0103i\u021b\u0103Chipciu
1694412,69400,MilanBadelj
1694428,105376,NikolaKalini\u0107
1694402,62001,KyleLafferty
1694432,20438,DanieleDe Rossi
1694413,25596,JaroslavPla\u0161il
1694434,33032,KamilGrosicki
1694396,136441,BenDavies
1694415,38021,KevinDe Bruyne
1694433,77521,Aron EinarGunnarsson
1694418,8603,DarylMurphy
1694424,70134,Rui Pedrodos Santos Patr\u00edcio
1694427,9127,SamVokes
1694440,70965,Jo\u00e3o M\u00e1rioNaval da Costa Eduardo 
1694438,9615,JamesChester
1694391,50461,ArmandoSadiku
1694437,57226,Hannes \u00de\u00f3rHalld\u00f3rsson
1694408,105332,DarijoSrna
1694433,62221,K\u00e1ri\u00c1rnason
1694410,3476,IvanRakiti\u0107
1694396,77544,NeilTaylor
1694428,70389,C\u00e9dric RicardoAlves Soares
1694429,62071,DarrenRandolph
1694434,70134,Rui Pedrodos Santos Patr\u00edcio
1694404,9403,CraigCathcart
1694409,3324,\u00c1lvaro BorjaMorata Mart\u00edn
1694420,14703,MarkoArnautovi\u0107
1694440,231139,KingsleyComan
1694404,8362,GarethMcAuley
1694400,8392,NathanielClyne
1694414,20420,ZlatanIbrahimovi\u0107
1694403,3319,Mesut\u00d6zil
1694435,25707,EdenHazard
1694434,7926,Lu\u00eds CarlosAlmeida da Cunha
1694426,21097,KamilGlik
1694401,8278,Gareth FrankBale
1694415,8249,MarouaneFellaini-Bakkioui
1694430,144713,PatrikHro\u0161ovsk\u00fd
1694402,80019,StuartDallas
1694394,7988,YohanCabaye
1694417,8980,JeffHendrick
1694437,70085,EliaquimMangala
1694409,7882,Petr\u010cech
1694440,7915,PatriceEvra
1694429,8433,StephenWard
1694424,3570,EliseuPereira dos Santos
1694394,231139,KingsleyComan
1694414,51343,ErikJohansson
1694397,101825,IgorSmolnikov
1694425,14853,ChristianFuchs
1694429,7855,LaurentKoscielny
1694392,282772,Breel-DonaldEmbolo
1694404,62235,JoshMagennis
1694416,21275,AndreasGranqvist
1694416,25408,KimK\u00e4llstr\u00f6m
1694436,14723,ToniKroos
1694409,82518,Vladim\u00edrDarida
1694433,38084,BirkirBjarnason
1694426,49855,YannSommer
1694411,15191,YunusMall\u0131
1694426,7850,Johan DanonDjourou-Gbadjere
1694406,99462,TomaszJod\u0142owiec
1694414,25408,KimK\u00e4llstr\u00f6m
1694419,134769,YannickFerreira Carrasco
1694424,70965,Jo\u00e3o M\u00e1rioNaval da Costa Eduardo 
1694433,7887,Gary Cahill
1694405,99446,KrzysztofM\u0105czy\u0144ski
1694423,7926,Lu\u00eds CarlosAlmeida da Cunha
1694402,99462,TomaszJod\u0142owiec
1694432,20455,GianluigiBuffon
1694429,8624,JamesMcCarthy
1694421,3305,Kl\u00e9perLaveran Lima Ferreira
1694420,65075,MartinHinteregger
1694433,54451,Birkir M\u00e1rS\u00e6varsson
1694392,49855,YannSommer
1694399,61963,JoeLedley
1694396,21171,MarekHam\u0161\u00edk
1694428,105361,IvanStrini\u0107
1694434,3322,Cristiano Ronaldodos Santos Aveiro
1694408,135747,DanijelSuba\u0161i\u0107
1694437,93,Johann Berg Gu\u00f0munds\u00adson
1694433,7873,JackWilshere
1694398,101585,GeorgiShchennikov
1694404,9620,CorryEvans
1694397,101581,VasiliBerezutski
1694410,8287,LukaModri\u0107
1694424,7926,Lu\u00eds CarlosAlmeida da Cunha
1694395,49857,ArlindAjeti
1694397,13484,BamideleAlli
1694415,20628,GrazianoPell\u00e8
1694406,105518,ArtemFedetskiy
1694427,8421,JonathanWilliams
1694420,74943,L\u00e1szl\u00f3Kleinheisler
1694433,93,Johann Berg Gu\u00f0munds\u00adson
1694412,105376,NikolaKalini\u0107
1694438,70965,Jo\u00e3o M\u00e1rioNaval da Costa Eduardo 
1694425,51127,Ari FreyrSk\u00falason
1694409,82340,TheodorGebre Selassie
1694435,8498,AndyKing
1694436,20628,GrazianoPell\u00e8
1694430,3318,SamiKhedira
1694438,70134,Rui Pedrodos Santos Patr\u00edcio
1694430,78488,Mat\u00fa\u0161Koz\u00e1\u010dik
1694424,354,Kriszti\u00e1nN\u00e9meth
1694428,14812,IvanPeri\u0161i\u0107
1694398,101707,FyodorSmolov
1694420,65075,MartinHinteregger
1694404,105329,YaroslavRakitskiy
1694404,80019,StuartDallas
1694425,65075,MartinHinteregger
1694435,37824,ThomasMeunier
1694396,8831,ChrisGunter
1694396,9615,JamesChester
1694431,36,TobyAlderweireld
1694428,37762,WilliamSilva de Carvalho
1694438,8686,HalRobson-Kanu
1694410,82266,LadislavKrej\u010d\u00ed
1694437,54451,Birkir M\u00e1rS\u00e6varsson
1694422,101690,Bal\u00e1zsDzsudzs\u00e1k
1694428,69400,MilanBadelj
1694411,7910,Davidde Gea Quintana
1694431,70123,Axel Witsel
1694390,25437,BlaiseMatuidi
1694439,14723,ToniKroos
1694402,99438,Micha\u0142Pazdan
1694392,105619,AdmirMehmedi
1694420,14696,ZlatkoJunuzovi\u0107
1694426,20938,ValonBehrami
1694428,14771,Vedran\u0106orluka
1694428,105332,DarijoSrna
1694395,83574,Anton CiprianT\u0103t\u0103ru\u0219anu
1694400,21285,JurajKucka
1694402,21097,KamilGlik
1694398,82528,Michal\u010euri\u0161
1694440,7858,BacarySagna
1694399,77548,JoeAllen
1694401,101576,IgorAkinfeev
1694416,20876,AlbinEkdal
1694430,14712,ManuelNeuer
1694428,14943,MarioMand\u017euki\u0107
1694406,14817,RobertLewandowski
1694402,8773,OliverNorwood
1694423,14760,MartinHarnik
1694406,105595,EvgenKhacheridi
1694411,32523,CanerErkin
1694424,74968,Mih\u00e1lyKorhut
1694426,7847,\u0141ukaszFabia\u0144ski
1694419,38031,ChristianBenteke Liolo
1694391,15449,M\u00ebrgimMavraj
1694393,92334,AnsiAgolli
1694410,82518,Vladim\u00edrDarida
1694423,16126,RobertAlmer
1694394,25575,Andr\u00e9-PierreGignac
1694436,20459,LeonardoBonucci
1694422,74958,NemanjaNikoli\u0107
1694419,8529,SebastianLarsson
1694403,105518,ArtemFedetskiy
1694400,21285,JurajKucka
1694410,25596,JaroslavPla\u0161il
1694393,3276,AdilRami
1694408,32642,Hakan KadirBalta
1694426,20591,G\u00e9lson da Concei\u00e7\u00e3o TavaresFernandes
1694440,37762,WilliamSilva de Carvalho
1694400,21171,MarekHam\u0161\u00edk
1694407,14716,J\u00e9r\u00f4meBoateng
1694390,83753,Nicolae ClaudiuStanciu
1694436,21350,MarcoParolo
1694407,61988,StevenDavis
1694421,3307,Ricardo AlbertoSilveira de Carvalho
1694424,76201,\u00c1d\u00e1mLang
1694434,99438,Micha\u0142Pazdan
1694435,77548,JoeAllen
1694424,101690,Bal\u00e1zsDzsudzs\u00e1k
1694421,77521,Aron EinarGunnarsson
1694425,64972,FlorianKlein
1694427,62331,MichaelMcGovern
1694436,14855,BenediktH\u00f6wedes
1694427,9403,CraigCathcart
1694397,15022,Roman PetrovichNeust\u00e4dter
1694410,14812,IvanPeri\u0161i\u0107
1694434,99381,ArturJ\u0119drzejczyk
1694438,211885,Andr\u00e9 FilipeTavares Gomes
1694393,7855,LaurentKoscielny
1694413,32566,Volkan\u015een
1694438,77548,JoeAllen
1694422,38084,BirkirBjarnason
1694420,49859,AleksandarDragovi\u0107
1694406,99452,ArkadiuszMilik
1694440,25397,Samuel YvesUmtiti
1694397,101585,GeorgiShchennikov
1694406,105716,BohdanButko
1694411,32572,BurakY\u0131lmaz
1694429,7936,PaulPogba
1694415,20461,GiorgioChiellini
1694434,70134,Rui Pedrodos Santos Patr\u00edcio
1694404,105341,TarasStepanenko
1694409,25596,JaroslavPla\u0161il
1694426,20766,HarisSeferovi\u0107
1694416,51398,OscarLewicki
1694399,8425,Wayne Hennessey
1694403,105331,VyacheslavShevchuk
1694414,21275,AndreasGranqvist
1694436,20459,LeonardoBonucci
1694401,77544,NeilTaylor
1694434,21097,KamilGlik
1694435,136441,BenDavies
1694406,33032,KamilGrosicki
1694394,21169,BlerimD\u017eemaili
1694415,8249,MarouaneFellaini-Bakkioui
1694440,70093,Jo\u00e3o FilipeIria Santos Moutinho
1694400,101555,Tom\u00e1\u0161Hubo\u010dan
1694408,8287,LukaModri\u0107
1694409,15094,RomanHubn\u00edk
1694432,20459,LeonardoBonucci
1694393,134954,Fr\u00e9d\u00e9ricVeseli
1694403,14712,ManuelNeuer
1694428,8287,LukaModri\u0107
1694420,65596,MarcelSabitzer
1694399,8292,DannyRose
1694431,122,DriesMertens
1694412,284315,MarkoRog 
1694428,28907,Rapha\u00ebl Adelino Jos\u00e9Guerreiro
1694400,7922,ChrisSmalling
1694413,223071,OzanTufan
1694422,62221,K\u00e1ri\u00c1rnason
1694418,22202,SimoneZaza
1694427,11135,Aaron Hughes
1694426,14817,RobertLewandowski
1694439,14712,ManuelNeuer
1694399,8831,ChrisGunter
1694422,15196,Zolt\u00e1nStieber
1694398,78488,Mat\u00fa\u0161Koz\u00e1\u010dik
1694399,7870,AaronRamsey
1694438,101558,Bruno EduardoRegufe Alves
1694416,25439,ThiagoMotta
1694421,20496,Danilo Lu\u00edsH\u00e9lio Pereira
1694428,105361,IvanStrini\u0107
1694431,3725,\u00c1d\u00e1mPint\u00e9r
1694434,99452,ArkadiuszMilik
1694420,75209,Rich\u00e1rdGuzmics
1694409,3290,AritzAduriz Zubeldia
1694390,7858,BacarySagna
1694432,3341,GerardPiqu\u00e9 Bernab\u00e9u
1694439,7936,PaulPogba
1694425,77521,Aron EinarGunnarsson
1694428,70403,Adrien SebastianPerruchet Silva
1694426,7850,Johan DanonDjourou-Gbadjere
1694400,15142,R\u00f3bertMak
1694437,66,KolbeinnSig\u00fe\u00f3rsson
1694409,3269,JordiAlba Ramos
1694430,21171,MarekHam\u0161\u00edk
1694412,69409,\u0160imeVrsaljko
1694436,21290,StefanoSturaro
1694437,38084,BirkirBjarnason
1694390,7915,PatriceEvra
1694390,84536,Drago\u0219Grigore
1694407,224593,JoshuaKimmich
1694434,7926,Lu\u00eds CarlosAlmeida da Cunha
1694438,77548,JoeAllen
1694428,37762,WilliamSilva de Carvalho
1694421,70965,Jo\u00e3o M\u00e1rioNaval da Costa Eduardo 
1694437,25437,BlaiseMatuidi
1694400,7960,Martin\u0160krtel
1694434,7847,\u0141ukaszFabia\u0144ski
1694424,70965,Jo\u00e3o M\u00e1rioNaval da Costa Eduardo 
1694425,65027,StefanIlsanker
1694437,25714,Dimitri Payet
1694416,151,JohnGuidetti
1694408,69968,MarceloBrozovi\u0107
1694427,9127,SamVokes
1694423,70410,\u00c9derzito Ant\u00f3nioMacedo Lopes
1694414,8624,JamesMcCarthy
1694430,14723,ToniKroos
1694401,7870,AaronRamsey
1694425,49859,AleksandarDragovi\u0107
1694407,14723,ToniKroos
1694423,14703,MarkoArnautovi\u0107
1694427,8278,Gareth FrankBale
1694428,70403,Adrien SebastianPerruchet Silva
1694440,3305,Kl\u00e9perLaveran Lima Ferreira
1694427,61963,JoeLedley
1694404,136704,PaddyMcNair
1694434,32597,RicardoAndrade Quaresma Bernardo
1694391,21001,Elseid G\u00ebzimHysaj
1694404,7914,JonnyEvans
1694437,93,Johann Berg Gu\u00f0munds\u00adson
1694401,101596,PavelMamaev
1694432,20628,GrazianoPell\u00e8
1694405,14712,ManuelNeuer
1694399,8717,HarryKane
1694426,25537,GrzegorzKrychowiak
1694431,8372,Zolt\u00e1nGera
1694396,8278,Gareth FrankBale
1694426,7847,\u0141ukaszFabia\u0144ski
1694439,25397,Samuel YvesUmtiti
1694440,32597,RicardoAndrade Quaresma Bernardo
1694408,32923,VolkanBabacan
1694429,7915,PatriceEvra
1694430,14723,ToniKroos
1694390,7936,PaulPogba
1694405,14855,BenediktH\u00f6wedes
1694420,64972,FlorianKlein
1694424,211885,Andr\u00e9 FilipeTavares Gomes
1694415,20626,EderCitadin Martins
1694390,3682,AntoineGriezmann
1694407,9620,CorryEvans
1694423,14688,SebastianPr\u00f6dl
1694428,70389,C\u00e9dric RicardoAlves Soares
1694411,8317,David Josu\u00e9Jim\u00e9nez Silva
1694402,61988,StevenDavis
1694411,3269,JordiAlba Ramos
1694415,38021,KevinDe Bruyne
1694436,14728,BastianSchweinsteiger
1694423,211885,Andr\u00e9 FilipeTavares Gomes
1694397,210044,Eric Dier
1694407,14855,BenediktH\u00f6wedes
1694426,20766,HarisSeferovi\u0107
1694401,8425,Wayne Hennessey
1694440,3682,AntoineGriezmann
1694415,38075,LaurentCiman
1694399,11066,Raheem ShaquilleSterling
1694402,99381,ArturJ\u0119drzejczyk
1694409,7871,Tom\u00e1\u0161 Rosick\u00fd
1694417,37824,ThomasMeunier
1694397,101576,IgorAkinfeev
1694395,50318,ErmirLenjani
1694410,83082,Milan\u0160koda
1694438,32597,RicardoAndrade Quaresma Bernardo
1694423,14853,ChristianFuchs
1694429,7915,PatriceEvra
1694432,4498,LucasV\u00e1zquez Iglesias
1694433,8277,KyleWalker
1694440,70389,C\u00e9dric RicardoAlves Soares
1694414,8522,John O'Shea
1694425,16126,RobertAlmer
1694408,32656,Sel\u00e7uk\u0130nan
1694438,8688,SimonChurch
1694426,21169,BlerimD\u017eemaili
1694436,224593,JoshuaKimmich
1694436,14728,BastianSchweinsteiger
1694395,21104,Migjen XhevatBasha
1694397,101669,ArtemDzyuba
1694418,21100,AngeloObinze Ogbonna
1694416,8192,MartinOlsson
1694398,101583,SergeiIgnashevich
1694435,77544,NeilTaylor
1694424,75209,Rich\u00e1rdGuzmics
1694415,20556,AntonioCandreva
1694396,8436,DavidEdwards
1694431,7905,RomeluLukaku Menama
1694435,7905,RomeluLukaku Menama
1694435,8425,Wayne Hennessey
1694439,14712,ManuelNeuer
1694404,105320,AndriyPyatov
1694423,7926,Lu\u00eds CarlosAlmeida da Cunha
1694434,25537,GrzegorzKrychowiak
1694403,20612,ShkodranMustafi
1694410,82684,DavidLafata
1694420,299557,\u00c1d\u00e1mNagy
1694437,38084,BirkirBjarnason
1694435,36,TobyAlderweireld
1694424,74968,Mih\u00e1lyKorhut
1694436,20458,AndreaBarzagli
1694435,77548,JoeAllen
1694396,77546,AshleyWilliams
1694435,36,TobyAlderweireld
1694390,83953,Ovidiu \u015etefanHoban
1694418,101666,AidenMcGeady
1694402,14817,RobertLewandowski
1694416,20459,LeonardoBonucci
1694426,21097,KamilGlik
1694431,38021,KevinDe Bruyne
1694394,14922,Ricardo Iv\u00e1nRodr\u00edguez Araya
1694429,25437,BlaiseMatuidi
1694408,8287,LukaModri\u0107
1694422,74943,L\u00e1szl\u00f3Kleinheisler
1694429,8980,JeffHendrick
1694420,14760,MartinHarnik
1694393,50318,ErmirLenjani
1694413,3448,ArdaTuran
1694424,3305,Kl\u00e9perLaveran Lima Ferreira
1694431,48,JanVertonghen
1694439,26010,OlivierGiroud
1694399,12829,JamieVardy
1694390,70090,Ionu\u021b CristianS\u0103punaru
1694417,8004,CiaranClark
1694407,61988,StevenDavis
1694418,20458,AndreaBarzagli
1694393,49982,AmirAbrashi
1694395,50461,ArmandoSadiku
1694397,101707,FyodorSmolov
1694410,69396,DomagojVida
1694407,14728,BastianSchweinsteiger
1694411,32524,G\u00f6khanG\u00f6n\u00fcl
1694433,7922,ChrisSmalling
1694395,20555,Lorik AgimCana
1694420,8372,Zolt\u00e1nGera
1694416,8529,SebastianLarsson
1694410,69404,MateoKova\u010di\u0107
1694400,104937,NorbertGy\u00f6mb\u00e9r
1694398,101581,VasiliBerezutski
1694412,70125,ManuelAgudo Dur\u00e1n
1694401,77546,AshleyWilliams
1694421,70093,Jo\u00e3o FilipeIria Santos Moutinho
1694439,14862,JulianDraxler
1694403,14712,ManuelNeuer
1694404,105329,YaroslavRakitskiy
1694428,69396,DomagojVida
1694425,16126,RobertAlmer
1694401,8498,AndyKing
1694391,21169,BlerimD\u017eemaili
1694429,26010,OlivierGiroud
1694436,20461,GiorgioChiellini
1694407,8362,GarethMcAuley
1694409,3324,\u00c1lvaro BorjaMorata Mart\u00edn
1694428,8126,Jos\u00e9 Miguelda Rocha Fonte
1694431,75137,D\u00e1nielB\u00f6de
1694440,3682,AntoineGriezmann
1694417,8744,Glenn Whelan
1694419,37824,ThomasMeunier
1694405,3318,SamiKhedira
1694407,14732,ThomasM\u00fcller
1694424,70134,Rui Pedrodos Santos Patr\u00edcio
1694402,269189,BartoszKapustka
1694407,8989,JamieWard
1694408,14771,Vedran\u0106orluka
1694428,28907,Rapha\u00ebl Adelino Jos\u00e9Guerreiro
1694392,83953,Ovidiu \u015etefanHoban
1694414,8384,Shane Long
1694417,38021,KevinDe Bruyne
1694400,7885,RyanBertrand
1694438,70965,Jo\u00e3o M\u00e1rioNaval da Costa Eduardo 
1694438,8498,AndyKing
1694413,82266,LadislavKrej\u010d\u00ed
1694400,3813,Vladim\u00edrWeiss
1694426,15282,S\u0142awomirPeszko
1694419,70123,Axel Witsel
1694406,25537,GrzegorzKrychowiak
1694434,99381,ArturJ\u0119drzejczyk
1694437,51127,Ari FreyrSk\u00falason
1694418,8603,DarylMurphy
1694414,20420,ZlatanIbrahimovi\u0107
1694418,8764,RichardKeogh
1694419,48,JanVertonghen
1694392,14922,Ricardo Iv\u00e1nRodr\u00edguez Araya
1694392,26270,Claudiu AndreiKe\u0219er\u00fc
1694419,8529,SebastianLarsson
1694404,234710,ConorWashington
1694429,8433,StephenWard
1694391,49872,XherdanShaqiri
1694392,6165,FlorinAndone
1694440,32597,RicardoAndrade Quaresma Bernardo
1694393,49857,ArlindAjeti
1694390,83574,Anton CiprianT\u0103t\u0103ru\u0219anu
1694403,105329,YaroslavRakitskiy
1694408,32636,CenkTosun
1694412,3346,SergioBusquets i Burgos
1694430,3813,Vladim\u00edrWeiss
1694432,3324,\u00c1lvaro BorjaMorata Mart\u00edn
1694432,3350,FrancescF\u00e0bregas i Soler
1694434,99438,Micha\u0142Pazdan
1694410,69400,MilanBadelj
1694430,101813,KornelSal\u00e1ta
1694430,104937,NorbertGy\u00f6mb\u00e9r
1694392,33235,Bogdan SorinStancu
1694409,7910,Davidde Gea Quintana
1694414,51343,ErikJohansson
1694436,14712,ManuelNeuer
1694415,21350,MarcoParolo
1694405,3318,SamiKhedira
1694409,3345,ThiagoAlc\u00e2ntara do Nascimento
1694409,25596,JaroslavPla\u0161il
1694428,70965,Jo\u00e3o M\u00e1rioNaval da Costa Eduardo 
1694392,83591,AndreiPrepeli\u021b\u0103
1694394,50102,Fabian LukasSch\u00e4r
1694408,3289,MehmetTopal
1694413,32582,Tom\u00e1\u0161Sivok
1694425,77558,Gylfi \u00de\u00f3rSigur\u00f0sson
1694437,7858,BacarySagna
1694436,20628,GrazianoPell\u00e8
1694410,135747,DanijelSuba\u0161i\u0107
1694433,57226,Hannes \u00de\u00f3rHalld\u00f3rsson
1694413,25596,JaroslavPla\u0161il
1694392,26270,Claudiu AndreiKe\u0219er\u00fc
1694404,105378,YevhenKonoplyanka
1694438,28907,Rapha\u00ebl Adelino Jos\u00e9Guerreiro
1694414,8529,SebastianLarsson
1694395,22323,LedianMemushaj
1694420,7980,Tam\u00e1sK\u00e1d\u00e1r
1694437,25575,Andr\u00e9-PierreGignac
1694402,269189,BartoszKapustka
1694418,8433,StephenWard
1694395,83953,Ovidiu \u015etefanHoban
1694395,70090,Ionu\u021b CristianS\u0103punaru
1694401,77546,AshleyWilliams
1694423,222676,Rafael AlexandreFernandes Ferreira da Silva
1694430,32959,PeterPekar\u00edk
1694393,50849,EtritBerisha
1694392,105330,R\u0103zvan Dinc\u0103Ra\u021b
1694390,3682,AntoineGriezmann
1694403,105378,YevhenKonoplyanka
1694404,61988,StevenDavis
1694423,70093,Jo\u00e3o FilipeIria Santos Moutinho
1694428,8126,Jos\u00e9 Miguelda Rocha Fonte
1694435,8278,Gareth FrankBale
1694436,20461,GiorgioChiellini
1694398,101576,IgorAkinfeev
1694429,3682,AntoineGriezmann
1694405,21097,KamilGlik
1694415,20628,GrazianoPell\u00e8
1694398,3813,Vladim\u00edrWeiss
1694403,105595,EvgenKhacheridi
1694426,20465,StephanLichtsteiner
1694390,3276,AdilRami
1694422,102382,Tam\u00e1s Priskin
1694440,37762,WilliamSilva de Carvalho
1694431,7860,ThomasVermaelen
1694432,20438,DanieleDe Rossi
1694396,144713,PatrikHro\u0161ovsk\u00fd
1694394,3682,AntoineGriezmann
1694412,69400,MilanBadelj
1694418,8242,ShaneDuffy
1694419,3429,ThibautCourtois
1694431,15200,\u00c1d\u00e1mSzalai
1694396,8831,ChrisGunter
1694422,66,KolbeinnSig\u00fe\u00f3rsson
1694393,134513,AnthonyMartial
1694401,257800,AleksandrGolovin
1694406,21097,KamilGlik
1694409,70125,ManuelAgudo Dur\u00e1n
1694392,49876,GranitXhaka
1694417,8522,John O'Shea
1694420,14724,DavidOlatukunbo Alaba
1694414,51132,EmilForsberg
1694419,3429,ThibautCourtois
1694429,8240,S\u00e9amusColeman
1694429,8530,JamesMcClean
1694437,62221,K\u00e1ri\u00c1rnason
1694426,49876,GranitXhaka
1694430,144713,PatrikHro\u0161ovsk\u00fd
1694431,75209,Rich\u00e1rdGuzmics
1694432,20628,GrazianoPell\u00e8
1694428,70134,Rui Pedrodos Santos Patr\u00edcio
1694402,7914,JonnyEvans
1694405,3319,Mesut\u00d6zil
1694436,21385,LorenzoInsigne
1694438,8278,Gareth FrankBale
1694394,7855,LaurentKoscielny
1694397,7887,Gary Cahill
1694411,3341,GerardPiqu\u00e9 Bernab\u00e9u
1694392,70090,Ionu\u021b CristianS\u0103punaru
1694390,231139,KingsleyComan
1694425,62221,K\u00e1ri\u00c1rnason
1694394,282772,Breel-DonaldEmbolo
1694423,3305,Kl\u00e9perLaveran Lima Ferreira
1694439,7988,YohanCabaye
1694424,211885,Andr\u00e9 FilipeTavares Gomes
1694436,22202,SimoneZaza
1694420,8372,Zolt\u00e1nGera
1694439,14728,BastianSchweinsteiger
1694397,13484,BamideleAlli
1694425,14724,DavidOlatukunbo Alaba
1694406,25537,GrzegorzKrychowiak
1694416,20458,AndreaBarzagli
1694418,22202,SimoneZaza
1694433,8717,HarryKane
1694433,66,KolbeinnSig\u00fe\u00f3rsson
1694434,7926,Lu\u00eds CarlosAlmeida da Cunha
1694428,105332,DarijoSrna
1694393,26010,OlivierGiroud
1694420,15196,Zolt\u00e1nStieber
1694436,21095,MatteoDarmian
1694402,33032,KamilGrosicki
1694435,8686,HalRobson-Kanu
1694435,37745,Jordan ZacharieLukaku Menama Mokelenge
1694423,211885,Andr\u00e9 FilipeTavares Gomes
1694439,3682,AntoineGriezmann
1694395,21001,Elseid G\u00ebzimHysaj
1694426,25537,GrzegorzKrychowiak
1694436,3319,Mesut\u00d6zil
1694406,105378,YevhenKonoplyanka
1694413,83082,Milan\u0160koda
1694408,14812,IvanPeri\u0161i\u0107
1694433,58105,J\u00f3n Da\u00f0iB\u00f6\u00f0varsson
1694436,14732,ThomasM\u00fcller
1694440,25714,Dimitri Payet
1694426,20766,HarisSeferovi\u0107
1694431,75209,Rich\u00e1rdGuzmics
1694392,83591,AndreiPrepeli\u021b\u0103
1694439,25714,Dimitri Payet
1694432,22566,Alessandro Florenzi
1694424,75292,Gerg\u0151Lovrencsics
1694440,25804,MoussaSissoko
1694405,99438,Micha\u0142Pazdan
1694394,50102,Fabian LukasSch\u00e4r
1694415,20556,AntonioCandreva
1694405,7847,\u0141ukaszFabia\u0144ski
1694429,7936,PaulPogba
1694395,83752,Lucian IulianS\u00e2nm\u0103rtean
1694403,105329,YaroslavRakitskiy
1694436,14795,Mats Hummels
1694437,77521,Aron EinarGunnarsson
1694420,14760,MartinHarnik
1694394,49855,YannSommer
1694411,3346,SergioBusquets i Burgos
1694425,66,KolbeinnSig\u00fe\u00f3rsson
1694427,8831,ChrisGunter
1694411,3341,GerardPiqu\u00e9 Bernab\u00e9u
1694408,105361,IvanStrini\u0107
1694434,70134,Rui Pedrodos Santos Patr\u00edcio
1694430,14855,BenediktH\u00f6wedes
1694417,8433,StephenWard
1694398,101555,Tom\u00e1\u0161Hubo\u010dan
1694394,7858,BacarySagna
1694405,14723,ToniKroos
1694399,77544,NeilTaylor
1694390,7915,PatriceEvra
1694427,11135,Aaron Hughes
1694418,20418,StephanEl Shaarawy
1694425,57226,Hannes \u00de\u00f3rHalld\u00f3rsson
1694409,7871,Tom\u00e1\u0161 Rosick\u00fd
1694440,7915,PatriceEvra
1694395,50849,EtritBerisha
1694436,3318,SamiKhedira
1694404,105503,SerhiySydorchuk
1694409,3447,Juan FranciscoTorres Bel\u00e9n
1694390,134513,AnthonyMartial
1694409,82266,LadislavKrej\u010d\u00ed
1694435,8005,James MichaelCollins
1694398,101616,J\u00e1n\u010eurica
1694429,7858,BacarySagna
1694398,218896,OndrejDuda
1694433,7907,DanielSturridge
1694422,62221,K\u00e1ri\u00c1rnason
1694430,82528,Michal\u010euri\u0161
1694405,99381,ArturJ\u0119drzejczyk
1694410,104745,Ji\u0159\u00edSkal\u00e1k
1694439,31528,N'GoloKant\u00e9
1694438,77546,AshleyWilliams
1694391,20766,HarisSeferovi\u0107
1694412,105332,DarijoSrna
1694416,20556,AntonioCandreva
1694390,84017,AdrianPopa
1694395,15449,M\u00ebrgimMavraj
1694424,3322,Cristiano Ronaldodos Santos Aveiro
1694437,3682,AntoineGriezmann
1694394,7915,PatriceEvra
1694400,7907,DanielSturridge
1694435,37745,Jordan ZacharieLukaku Menama Mokelenge
1694390,83824,Mihai DoruPintilii
1694436,14712,ManuelNeuer
1694404,105331,VyacheslavShevchuk
1694439,14732,ThomasM\u00fcller
1694425,55983,RagnarSigur\u00f0sson
1694405,14804,JakubB\u0142aszczykowski
1694396,16435,AdamNemec
1694404,11135,Aaron Hughes
1694428,32597,RicardoAndrade Quaresma Bernardo
1694392,134911,ShaniTarashaj
1694426,14804,JakubB\u0142aszczykowski
1694418,8764,RichardKeogh
1694422,77558,Gylfi \u00de\u00f3rSigur\u00f0sson
1694391,15285,OdiseRoshi
1694432,20461,GiorgioChiellini
1694434,20496,Danilo Lu\u00edsH\u00e9lio Pereira
1694398,101705,AleksandrKokorin
1694405,99462,TomaszJod\u0142owiec
1694403,105380,RomanZozulya
1694431,20879,RadjaNainggolan
1694432,3353,Andr\u00e9sIniesta Luj\u00e1n
1694402,99381,ArturJ\u0119drzejczyk
1694392,7850,Johan DanonDjourou-Gbadjere
1694416,21290,StefanoSturaro
1694413,15094,RomanHubn\u00edk
1694431,76201,\u00c1d\u00e1mLang
1694405,7847,\u0141ukaszFabia\u0144ski
1694406,241564,OleksandrZinchenko
1694434,70389,C\u00e9dric RicardoAlves Soares
1694404,241564,OleksandrZinchenko
1694399,77546,AshleyWilliams
1694436,18669,JonasHector
1694406,105380,RomanZozulya
1694397,7944,WayneRooney
1694407,3318,SamiKhedira
1694402,21097,KamilGlik
1694413,15094,RomanHubn\u00edk
1694410,105332,DarijoSrna
1694393,93339,AndiLila
1694419,122,DriesMertens
1694426,14787,ErenDerdiyok
1694392,20465,StephanLichtsteiner
1694400,210044,Eric Dier
1694423,64972,FlorianKlein
1694391,20938,ValonBehrami
1694398,101555,Tom\u00e1\u0161Hubo\u010dan
1694435,136441,BenDavies
1694429,9623,RobbieBrady
1694391,50461,ArmandoSadiku
1694396,15142,R\u00f3bertMak
1694394,49876,GranitXhaka
1694436,20458,AndreaBarzagli
1694405,15282,S\u0142awomirPeszko
1694402,62331,MichaelMcGovern
1694436,14862,JulianDraxler
1694404,105622,AndriyYarmolenko
1694432,20458,AndreaBarzagli
1694434,33032,KamilGrosicki
1694424,75209,Rich\u00e1rdGuzmics
1694426,50102,Fabian LukasSch\u00e4r
1694391,50318,ErmirLenjani
1694435,9615,JamesChester
1694391,20766,HarisSeferovi\u0107
1694404,105378,YevhenKonoplyanka
1694428,69968,MarceloBrozovi\u0107
1694434,21097,KamilGlik
1694416,20438,DanieleDe Rossi
1694422,37724,RolandJuh\u00e1sz
1694438,70093,Jo\u00e3o FilipeIria Santos Moutinho
1694419,25707,EdenHazard
1694439,14806,MarioG\u00f6tze
1694404,234710,ConorWashington
1694422,66,KolbeinnSig\u00fe\u00f3rsson
1694432,3447,Juan FranciscoTorres Bel\u00e9n
1694402,25537,GrzegorzKrychowiak
1694404,11135,Aaron Hughes
1694417,8384,Shane Long
1694439,25381,HugoLloris
1694416,97,AndreasIsaksson
1694434,3570,EliseuPereira dos Santos
1694434,99462,TomaszJod\u0142owiec
1694401,8831,ChrisGunter
1694417,8004,CiaranClark
1694411,3324,\u00c1lvaro BorjaMorata Mart\u00edn
1694421,38084,BirkirBjarnason
1694415,20468,EmanueleGiaccherini
1694434,21097,KamilGlik
1694434,3305,Kl\u00e9perLaveran Lima Ferreira
1694426,15282,S\u0142awomirPeszko
1694439,7855,LaurentKoscielny
1694423,28907,Rapha\u00ebl Adelino Jos\u00e9Guerreiro
1694432,20461,GiorgioChiellini
1694422,15206,G\u00e1borKir\u00e1ly
1694422,15196,Zolt\u00e1nStieber
1694430,104937,NorbertGy\u00f6mb\u00e9r
1694398,101707,FyodorSmolov
1694393,25575,Andr\u00e9-PierreGignac
1694413,82487,PavelKade\u0159\u00e1bek
1694438,61963,JoeLedley
1694422,77521,Aron EinarGunnarsson
1694393,25381,HugoLloris
1694405,14723,ToniKroos
1694418,62071,DarrenRandolph
1694424,3570,EliseuPereira dos Santos
1694397,8301,JoeHart
1694404,8362,GarethMcAuley
1694402,7979,ShaneFerguson
1694395,83591,AndreiPrepeli\u021b\u0103
1694424,33082,\u00c1kosElek
1694434,8126,Jos\u00e9 Miguelda Rocha Fonte
1694423,32597,RicardoAndrade Quaresma Bernardo
1694428,135747,DanijelSuba\u0161i\u0107
1694398,21171,MarekHam\u0161\u00edk
1694406,105371,RuslanRotan
1694409,32582,Tom\u00e1\u0161Sivok
1694439,224593,JoshuaKimmich
1694421,66,KolbeinnSig\u00fe\u00f3rsson
1694437,25437,BlaiseMatuidi
1694422,55983,RagnarSigur\u00f0sson
1694425,65596,MarcelSabitzer
1694427,8989,JamieWard
1694421,70410,\u00c9derzito Ant\u00f3nioMacedo Lopes
1694436,14732,ThomasM\u00fcller
1694404,105320,AndriyPyatov
1694436,20459,LeonardoBonucci
1694391,49982,AmirAbrashi
1694426,99438,Micha\u0142Pazdan
1694434,70389,C\u00e9dric RicardoAlves Soares
1694438,8278,Gareth FrankBale
1694426,49872,XherdanShaqiri
1694439,7855,LaurentKoscielny
1694418,25439,ThiagoMotta
1694399,210044,Eric Dier
1694408,32656,Sel\u00e7uk\u0130nan
1694417,8025,RobbieKeane
1694439,26010,OlivierGiroud
1694413,32642,Hakan KadirBalta
1694428,20496,Danilo Lu\u00edsH\u00e9lio Pereira
1694422,15200,\u00c1d\u00e1mSzalai
1694403,105320,AndriyPyatov
1694409,101607,Tom\u00e1\u0161 Necid
1694418,21384,CiroImmobile
1694405,14795,Mats Hummels
1694391,50102,Fabian LukasSch\u00e4r
1694414,8004,CiaranClark
1694420,16126,RobertAlmer
1694399,8140,AdamLallana
1694436,20468,EmanueleGiaccherini
1694403,105595,EvgenKhacheridi
1694439,18550,EmreCan
1694426,7847,\u0141ukaszFabia\u0144ski
1694426,49872,XherdanShaqiri
1694431,8249,MarouaneFellaini-Bakkioui
1694394,25575,Andr\u00e9-PierreGignac
1694428,69400,MilanBadelj
1694407,8362,GarethMcAuley
1694417,8240,S\u00e9amusColeman
1694430,101616,J\u00e1n\u010eurica
1694401,101707,FyodorSmolov
1694431,74958,NemanjaNikoli\u0107
1694410,32582,Tom\u00e1\u0161Sivok
1694405,14712,ManuelNeuer
1694428,258162,Renato J\u00faniorLuz Sanches
1694417,3429,ThibautCourtois
1694408,105332,DarijoSrna
1694420,76201,\u00c1d\u00e1mLang
1694403,14862,JulianDraxler
1694426,49855,YannSommer
1694391,105619,AdmirMehmedi
1694408,32642,Hakan KadirBalta
1694429,25437,BlaiseMatuidi
1694404,105344,YevhenSeleznyov
1694436,14795,Mats Hummels
1694425,54451,Birkir M\u00e1rS\u00e6varsson
1694404,9525,NiallMcGinn
1694426,14787,ErenDerdiyok
1694439,3682,AntoineGriezmann
1694398,32959,PeterPekar\u00edk
1694393,25437,BlaiseMatuidi
1694417,8346,WesleyHoolahan
1694422,38084,BirkirBjarnason
1694408,69400,MilanBadelj
1694408,69400,MilanBadelj
1694429,8522,John O'Shea
1694434,32597,RicardoAndrade Quaresma Bernardo
1694410,7882,Petr\u010cech
1694440,70965,Jo\u00e3o M\u00e1rioNaval da Costa Eduardo 
1694424,20496,Danilo Lu\u00edsH\u00e9lio Pereira
1694426,49876,GranitXhaka
1694436,14862,JulianDraxler
1694391,49981,Taulant RagipXhaka
1694423,14724,DavidOlatukunbo Alaba
1694423,3322,Cristiano Ronaldodos Santos Aveiro
1694439,14716,J\u00e9r\u00f4meBoateng
1694440,28907,Rapha\u00ebl Adelino Jos\u00e9Guerreiro
1694395,70090,Ionu\u021b CristianS\u0103punaru
1694436,20455,GianluigiBuffon
1694439,7915,PatriceEvra
1694434,99452,ArkadiuszMilik
1694395,15285,OdiseRoshi
1694427,62235,JoshMagennis
1694399,8278,Gareth FrankBale
1694428,69396,DomagojVida
1694391,7850,Johan DanonDjourou-Gbadjere
1694391,105619,AdmirMehmedi
1694402,11131,ChrisBaird
1694429,25575,Andr\u00e9-PierreGignac
1694395,83953,Ovidiu \u015etefanHoban
1694410,14943,MarioMand\u017euki\u0107
1694433,77558,Gylfi \u00de\u00f3rSigur\u00f0sson
1694440,70410,\u00c9derzito Ant\u00f3nioMacedo Lopes
1694421,54451,Birkir M\u00e1rS\u00e6varsson
1694434,99438,Micha\u0142Pazdan
1694436,20468,EmanueleGiaccherini
1694438,61963,JoeLedley
1694419,7905,RomeluLukaku Menama
1694400,104867,ViktorPe\u010dovsk\u00fd
1694409,8317,David Josu\u00e9Jim\u00e9nez Silva
1694415,20879,RadjaNainggolan
1694436,20626,EderCitadin Martins
1694436,224593,JoshuaKimmich
1694423,70965,Jo\u00e3o M\u00e1rioNaval da Costa Eduardo 
1694395,22323,LedianMemushaj
1694414,51398,OscarLewicki
1694440,7926,Lu\u00eds CarlosAlmeida da Cunha
1694400,218896,OndrejDuda
1694423,3307,Ricardo AlbertoSilveira de Carvalho
1694420,75209,Rich\u00e1rdGuzmics
1694425,55983,RagnarSigur\u00f0sson
1694412,3324,\u00c1lvaro BorjaMorata Mart\u00edn
1694411,32642,Hakan KadirBalta
1694412,14812,IvanPeri\u0161i\u0107
1694418,21384,CiroImmobile
1694425,51127,Ari FreyrSk\u00falason
1694396,82528,Michal\u010euri\u0161
1694413,7869,O\u011fuzhan\u00d6zyakup
1694426,50102,Fabian LukasSch\u00e4r
1694426,99381,ArturJ\u0119drzejczyk
1694436,14732,ThomasM\u00fcller
1694436,14795,Mats Hummels
1694417,7860,ThomasVermaelen
1694396,21285,JurajKucka
1694410,104745,Ji\u0159\u00edSkal\u00e1k
1694439,14732,ThomasM\u00fcller
1694436,21095,MatteoDarmian
1694391,21001,Elseid G\u00ebzimHysaj
1694433,51127,Ari FreyrSk\u00falason
1694410,69396,DomagojVida
1694413,82644,DavidPavelka
1694427,77544,NeilTaylor
1694392,49872,XherdanShaqiri
1694391,50072,Shk\u00eblzen TaibGashi
1694400,8717,HarryKane
1694391,282772,Breel-DonaldEmbolo
1694403,14855,BenediktH\u00f6wedes
1694405,14798,\u0141ukaszPiszczek
1694426,14922,Ricardo Iv\u00e1nRodr\u00edguez Araya
1694430,14795,Mats Hummels
1694419,51132,EmilForsberg
1694393,7915,PatriceEvra
1694402,14798,\u0141ukaszPiszczek
1694428,14771,Vedran\u0106orluka
1694397,8717,HarryKane
1694432,20458,AndreaBarzagli
1694420,299557,\u00c1d\u00e1mNagy
1694426,99462,TomaszJod\u0142owiec
1694434,70389,C\u00e9dric RicardoAlves Soares
1694428,14943,MarioMand\u017euki\u0107
1694415,20459,LeonardoBonucci
1694398,104867,ViktorPe\u010dovsk\u00fd
1694399,7887,Gary Cahill
1694416,20876,AlbinEkdal
1694437,66,KolbeinnSig\u00fe\u00f3rsson
1694404,241566,ViktorKovalenko
1694426,99438,Micha\u0142Pazdan
1694435,278872,JasonDenayer
1694417,36,TobyAlderweireld
1694440,7855,LaurentKoscielny
1694426,21097,KamilGlik
1694401,136441,BenDavies
1694437,7915,PatriceEvra
1694397,7887,Gary Cahill
1694400,218896,OndrejDuda
1694415,20455,GianluigiBuffon
1694431,15206,G\u00e1borKir\u00e1ly
1694392,20766,HarisSeferovi\u0107
1694406,105328,OlexandrKucher
1694413,32642,Hakan KadirBalta
1694402,14804,JakubB\u0142aszczykowski
1694423,14940,Adelino Andr\u00e9 Vieira Freitas
1694436,20459,LeonardoBonucci
1694426,14804,JakubB\u0142aszczykowski
1694416,20438,DanieleDe Rossi
1694437,7936,PaulPogba
1694396,77546,AshleyWilliams
1694409,3346,SergioBusquets i Burgos
1694422,77558,Gylfi \u00de\u00f3rSigur\u00f0sson
1694396,82528,Michal\u010euri\u0161
1694416,20468,EmanueleGiaccherini
1694435,8249,MarouaneFellaini-Bakkioui
1694408,14943,MarioMand\u017euki\u0107
1694437,25804,MoussaSissoko
1694426,20591,G\u00e9lson da Concei\u00e7\u00e3o TavaresFernandes
1694416,151,JohnGuidetti
1694396,136441,BenDavies
1694411,15076,Olcay\u015eahan
1694432,3350,FrancescF\u00e0bregas i Soler
1694436,14723,ToniKroos
1694396,8436,DavidEdwards
1694401,101623,DenisGlushakov
1694394,49872,XherdanShaqiri
1694429,8346,WesleyHoolahan
1694437,25804,MoussaSissoko
1694393,49857,ArlindAjeti
1694406,99381,ArturJ\u0119drzejczyk
1694412,8317,David Josu\u00e9Jim\u00e9nez Silva
1694411,3289,MehmetTopal
1694440,25381,HugoLloris
1694419,97,AndreasIsaksson
1694410,15245,GordonSchildenfeld
1694412,3269,JordiAlba Ramos
1694427,77546,AshleyWilliams
1694425,14853,ChristianFuchs
1694409,3341,GerardPiqu\u00e9 Bernab\u00e9u
1694421,7926,Lu\u00eds CarlosAlmeida da Cunha
1694409,82510,DavidLimbersk\u00fd
1694440,70965,Jo\u00e3o M\u00e1rioNaval da Costa Eduardo 
1694410,135747,DanijelSuba\u0161i\u0107
1694414,8530,JamesMcClean
1694434,14798,\u0141ukaszPiszczek
1694428,258162,Renato J\u00faniorLuz Sanches
1694436,14862,JulianDraxler
1694434,14804,JakubB\u0142aszczykowski
1694436,14728,BastianSchweinsteiger
1694400,8392,NathanielClyne
1694419,20420,ZlatanIbrahimovi\u0107
1694430,21285,JurajKucka
1694440,7926,Lu\u00eds CarlosAlmeida da Cunha
1694412,14812,IvanPeri\u0161i\u0107
1694396,8686,HalRobson-Kanu
1694440,7936,PaulPogba
1694400,32959,PeterPekar\u00edk
1694426,49876,GranitXhaka
1694402,99452,ArkadiuszMilik
1694413,7882,Petr\u010cech
1694392,21169,BlerimD\u017eemaili
1694416,20461,GiorgioChiellini
1694409,3346,SergioBusquets i Burgos
1694412,284315,MarkoRog 
1694431,75292,Gerg\u0151Lovrencsics
1694423,15188,JulianBaumgartlinger
1694404,105622,AndriyYarmolenko
1694438,77544,NeilTaylor
1694400,78488,Mat\u00fa\u0161Koz\u00e1\u010dik
1694424,32597,RicardoAndrade Quaresma Bernardo
1694395,84536,Drago\u0219Grigore
1694431,101690,Bal\u00e1zsDzsudzs\u00e1k
1694422,37948,Alfre\u00f0Finnbogason
1694430,21285,JurajKucka
1694440,3682,AntoineGriezmann
1694408,135747,DanijelSuba\u0161i\u0107
1694405,25537,GrzegorzKrychowiak
1694394,20591,G\u00e9lson da Concei\u00e7\u00e3o TavaresFernandes
1694438,77544,NeilTaylor
1694406,105380,RomanZozulya
1694407,234710,ConorWashington
1694414,8522,John O'Shea
1694397,101705,AleksandrKokorin
1694438,8421,JonathanWilliams
1694392,83590,Alexandru Mih\u0103i\u021b\u0103Chipciu
1694425,57480,Arn\u00f3r IngviTraustason
1694434,258162,Renato J\u00faniorLuz Sanches
1694416,71703,VictorNilsson Lindel\u00f6f
1694424,37724,RolandJuh\u00e1sz
1694428,135810,MarkoPjaca
1694390,25714,Dimitri Payet
1694408,223071,OzanTufan
1694397,101585,GeorgiShchennikov
1694428,14771,Vedran\u0106orluka
1694429,8980,JeffHendrick
1694437,57347,Sverrir IngiIngason
1694400,21171,MarekHam\u0161\u00edk
1694436,20458,AndreaBarzagli
1694393,21001,Elseid G\u00ebzimHysaj
1694406,99661,ThiagoRangel Cionek
1694415,122,DriesMertens
1694409,3350,FrancescF\u00e0bregas i Soler
1694432,3269,JordiAlba Ramos
1694433,13484,BamideleAlli
1694414,25408,KimK\u00e4llstr\u00f6m
1694422,8372,Zolt\u00e1nGera
1694408,14771,Vedran\u0106orluka
1694432,3290,AritzAduriz Zubeldia
1694402,8773,OliverNorwood
1694407,80019,StuartDallas
1694412,69404,MateoKova\u010di\u0107
1694412,105376,NikolaKalini\u0107
1694417,8433,StephenWard
1694392,83575,Vlad IulianChiriche\u0219
1694419,51343,ErikJohansson
1694427,8362,GarethMcAuley
1694436,14716,J\u00e9r\u00f4meBoateng
1694403,14716,J\u00e9r\u00f4meBoateng
1694430,14862,JulianDraxler
1694399,8277,KyleWalker
1694405,14817,RobertLewandowski
1694411,8317,David Josu\u00e9Jim\u00e9nez Silva
1694427,61988,StevenDavis
1694394,49872,XherdanShaqiri
1694405,14862,JulianDraxler
1694395,6165,FlorinAndone
1694434,8126,Jos\u00e9 Miguelda Rocha Fonte
1694407,8773,OliverNorwood
1694396,78488,Mat\u00fa\u0161Koz\u00e1\u010dik
1694404,105606,DenysGarmash
1694394,25804,MoussaSissoko
1694433,8277,KyleWalker
1694390,83574,Anton CiprianT\u0103t\u0103ru\u0219anu
1694404,61988,StevenDavis
1694414,8240,S\u00e9amusColeman
1694426,14817,RobertLewandowski
1694397,8292,DannyRose
1694413,82487,PavelKade\u0159\u00e1bek
1694434,99452,ArkadiuszMilik
1694426,99446,KrzysztofM\u0105czy\u0144ski
1694430,82230,J\u00e1nGregu\u0161
1694392,84536,Drago\u0219Grigore
1694404,105380,RomanZozulya
1694427,61963,JoeLedley
1694431,37824,ThomasMeunier
1694408,3289,MehmetTopal
1694423,65124,LukasHinterseer
1694390,20596,Gabriel AndreiTorje
1694436,20458,AndreaBarzagli
1694409,82340,TheodorGebre Selassie
1694440,32597,RicardoAndrade Quaresma Bernardo
1694393,31528,N'GoloKant\u00e9
1694436,20628,GrazianoPell\u00e8
1694401,101669,ArtemDzyuba
1694421,258162,Renato J\u00faniorLuz Sanches
1694402,61988,StevenDavis
1694414,97,AndreasIsaksson
1694411,32572,BurakY\u0131lmaz
1694440,37762,WilliamSilva de Carvalho
1694420,14703,MarkoArnautovi\u0107
1694426,14804,JakubB\u0142aszczykowski
1694436,20468,EmanueleGiaccherini
1694398,16435,AdamNemec
1694415,3429,ThibautCourtois
1694411,3443,JorgeResurrecci\u00f3n Merodio
1694394,49855,YannSommer
1694407,62235,JoshMagennis
1694433,7922,ChrisSmalling
1694434,258162,Renato J\u00faniorLuz Sanches
1694399,7944,WayneRooney
1694428,70389,C\u00e9dric RicardoAlves Soares
1694435,8686,HalRobson-Kanu
1694439,14728,BastianSchweinsteiger
1694412,3350,FrancescF\u00e0bregas i Soler
1694435,77546,AshleyWilliams
1694426,282772,Breel-DonaldEmbolo
1694418,62071,DarrenRandolph
1694436,14795,Mats Hummels
1694405,21097,KamilGlik
1694431,38093,MichyBatshuayi Tunga
1694436,14716,J\u00e9r\u00f4meBoateng
1694392,49872,XherdanShaqiri
1694401,101583,SergeiIgnashevich
1694422,37724,RolandJuh\u00e1sz
1694417,101666,AidenMcGeady
1694437,7858,BacarySagna
1694425,14703,MarkoArnautovi\u0107
1694419,97,AndreasIsaksson
1694391,20465,StephanLichtsteiner
1694391,49876,GranitXhaka
1694398,21171,MarekHam\u0161\u00edk
1694394,25437,BlaiseMatuidi
1694400,3813,Vladim\u00edrWeiss
1694397,7922,ChrisSmalling
1694397,101623,DenisGlushakov
1694417,8384,Shane Long
1694402,11131,ChrisBaird
1694435,9615,JamesChester
1694396,144713,PatrikHro\u0161ovsk\u00fd
1694400,7964,Jordan BrianHenderson
1694428,3476,IvanRakiti\u0107
1694398,101623,DenisGlushakov
1694401,8278,Gareth FrankBale
1694411,7910,Davidde Gea Quintana
1694417,48,JanVertonghen
1694402,99446,KrzysztofM\u0105czy\u0144ski
1694410,32582,Tom\u00e1\u0161Sivok
1694434,14804,JakubB\u0142aszczykowski
1694428,105376,NikolaKalini\u0107
1694426,33032,KamilGrosicki
1694417,37824,ThomasMeunier
1694436,224593,JoshuaKimmich
1694426,14817,RobertLewandowski
1694432,70125,ManuelAgudo Dur\u00e1n
1694440,25804,MoussaSissoko
1694406,105320,AndriyPyatov
1694399,136441,BenDavies
1694391,21169,BlerimD\u017eemaili
1694398,7960,Martin\u0160krtel
1694410,82266,LadislavKrej\u010d\u00ed
1694434,8126,Jos\u00e9 Miguelda Rocha Fonte
1694402,8362,GarethMcAuley
1694440,7936,PaulPogba
1694426,20591,G\u00e9lson da Concei\u00e7\u00e3o TavaresFernandes
1694420,354,Kriszti\u00e1nN\u00e9meth
1694394,49977,MichaelLang
1694428,3322,Cristiano Ronaldodos Santos Aveiro
1694392,20938,ValonBehrami
1694407,14795,Mats Hummels
1694420,15188,JulianBaumgartlinger
1694395,83575,Vlad IulianChiriche\u0219
1694411,70125,ManuelAgudo Dur\u00e1n
1694417,122,DriesMertens
1694434,14798,\u0141ukaszPiszczek
1694390,7855,LaurentKoscielny
1694430,14732,ThomasM\u00fcller
1694397,101583,SergeiIgnashevich
1694407,14806,MarioG\u00f6tze
1694436,14716,J\u00e9r\u00f4meBoateng
1694405,269189,BartoszKapustka
1694418,8433,StephenWard
1694399,8301,JoeHart
1694407,11135,Aaron Hughes
1694399,8301,JoeHart
1694426,20465,StephanLichtsteiner
1694407,7914,JonnyEvans
1694436,14716,J\u00e9r\u00f4meBoateng
1694401,101623,DenisGlushakov
1694408,15524,Hakan\u00c7alhano\u011flu
1694433,11066,Raheem ShaquilleSterling
1694394,7850,Johan DanonDjourou-Gbadjere
1694423,65596,MarcelSabitzer
1694408,69968,MarceloBrozovi\u0107
1694401,101576,IgorAkinfeev
1694411,7869,O\u011fuzhan\u00d6zyakup
1694435,7905,RomeluLukaku Menama
1694402,14804,JakubB\u0142aszczykowski
1694397,101583,SergeiIgnashevich
1694408,69396,DomagojVida
1694397,8319,JamesMilner
1694436,3319,Mesut\u00d6zil
1694436,14712,ManuelNeuer
1694396,8421,JonathanWilliams
1694418,8530,JamesMcClean
1694427,62001,KyleLafferty
1694414,151,JohnGuidetti
1694405,14732,ThomasM\u00fcller
1694427,62331,MichaelMcGovern
1694403,14728,BastianSchweinsteiger
1694398,21285,JurajKucka
1694410,82510,DavidLimbersk\u00fd
1694420,101690,Bal\u00e1zsDzsudzs\u00e1k
1694428,8287,LukaModri\u0107
1694399,7870,AaronRamsey
1694409,3269,JordiAlba Ramos
1694431,75292,Gerg\u0151Lovrencsics
1694440,7855,LaurentKoscielny
1694427,7870,AaronRamsey
1694440,134513,AnthonyMartial
1694390,31528,N'GoloKant\u00e9
1694403,18669,JonasHector
1694429,8242,ShaneDuffy
1694404,105595,EvgenKhacheridi
1694437,7855,LaurentKoscielny
1694427,8425,Wayne Hennessey
1694428,3305,Kl\u00e9perLaveran Lima Ferreira
1694437,54451,Birkir M\u00e1rS\u00e6varsson
1694420,14853,ChristianFuchs
1694415,36,TobyAlderweireld
1694434,3570,EliseuPereira dos Santos
1694393,7855,LaurentKoscielny
1694436,14731,MarioG\u00f3mez Garc\u00eda
1694439,7936,PaulPogba
1694407,62331,MichaelMcGovern
1694399,8831,ChrisGunter
1694406,99634,FilipStarzy\u0144ski
1694399,397178,MarcusRashford
1694421,51127,Ari FreyrSk\u00falason
1694400,8301,JoeHart
1694436,21290,StefanoSturaro
1694414,8384,Shane Long
1694431,70123,Axel Witsel
1694420,70100,MarcJanko
1694408,32923,VolkanBabacan
1694396,7960,Martin\u0160krtel
1694412,7910,Davidde Gea Quintana
1694397,11066,Raheem ShaquilleSterling
1694422,54451,Birkir M\u00e1rS\u00e6varsson
1694435,8831,ChrisGunter
1694416,20420,ZlatanIbrahimovi\u0107
1694414,14908,MarcusBerg
1694419,134769,YannickFerreira Carrasco
1694431,3429,ThibautCourtois
1694438,70134,Rui Pedrodos Santos Patr\u00edcio
1694434,7926,Lu\u00eds CarlosAlmeida da Cunha
1694392,21169,BlerimD\u017eemaili
1694420,354,Kriszti\u00e1nN\u00e9meth
1694436,14723,ToniKroos
1694390,83824,Mihai DoruPintilii
1694402,62331,MichaelMcGovern
1694412,135810,MarkoPjaca
1694421,66,KolbeinnSig\u00fe\u00f3rsson
1694421,38084,BirkirBjarnason
1694402,14798,\u0141ukaszPiszczek
1694410,105361,IvanStrini\u0107
1694401,9615,JamesChester
1694427,8686,HalRobson-Kanu
1694391,15449,M\u00ebrgimMavraj
1694414,8980,JeffHendrick
1694433,13484,BamideleAlli
1694426,14798,\u0141ukaszPiszczek
1694419,50812,JimmyDurmaz
1694433,7944,WayneRooney
1694406,105595,EvgenKhacheridi
1694428,28907,Rapha\u00ebl Adelino Jos\u00e9Guerreiro
1694422,7980,Tam\u00e1sK\u00e1d\u00e1r
1694411,3306,SergioRamos Garc\u00eda
1694428,70389,C\u00e9dric RicardoAlves Soares
1694433,38084,BirkirBjarnason
1694391,49855,YannSommer
1694398,104867,ViktorPe\u010dovsk\u00fd
1694411,32524,G\u00f6khanG\u00f6n\u00fcl
1694413,3289,MehmetTopal
1694420,64972,FlorianKlein
1694401,101705,AleksandrKokorin
1694423,65075,MartinHinteregger
1694432,3346,SergioBusquets i Burgos
1694417,20879,RadjaNainggolan
1694414,62071,DarrenRandolph
1694394,20766,HarisSeferovi\u0107
1694411,3448,ArdaTuran
1694407,7914,JonnyEvans
1694425,70100,MarcJanko
1694436,14855,BenediktH\u00f6wedes
1694397,7873,JackWilshere
1694399,8278,Gareth FrankBale
1694398,101568,RomanShirokov
1694406,105320,AndriyPyatov
1694439,25381,HugoLloris
1694436,14862,JulianDraxler
1694421,51127,Ari FreyrSk\u00falason
1694392,20766,HarisSeferovi\u0107
1694395,83753,Nicolae ClaudiuStanciu
1694440,7858,BacarySagna
1694395,83972,AlexandruM\u0103\u021bel
1694421,7926,Lu\u00eds CarlosAlmeida da Cunha
1694440,7936,PaulPogba
1694419,51132,EmilForsberg
1694423,65027,StefanIlsanker
1694432,3306,SergioRamos Garc\u00eda
1694428,3322,Cristiano Ronaldodos Santos Aveiro
1694397,8301,JoeHart
1694422,93,Johann Berg Gu\u00f0munds\u00adson
1694426,50102,Fabian LukasSch\u00e4r
1694434,70965,Jo\u00e3o M\u00e1rioNaval da Costa Eduardo 
1694440,3305,Kl\u00e9perLaveran Lima Ferreira
1694422,102382,Tam\u00e1s Priskin
1694414,101666,AidenMcGeady
1694390,7858,BacarySagna
1694394,3682,AntoineGriezmann
1694425,49859,AleksandarDragovi\u0107
1694438,8005,James MichaelCollins
1694408,14943,MarioMand\u017euki\u0107
1694419,48,JanVertonghen
1694435,8278,Gareth FrankBale
1694436,224593,JoshuaKimmich
1694391,20938,ValonBehrami
1694422,93,Johann Berg Gu\u00f0munds\u00adson
1694416,97,AndreasIsaksson
1694419,36,TobyAlderweireld
1694435,7870,AaronRamsey
1694398,7960,Martin\u0160krtel
1694433,8301,JoeHart
1694428,70134,Rui Pedrodos Santos Patr\u00edcio
1694440,25381,HugoLloris
1694409,3353,Andr\u00e9sIniesta Luj\u00e1n
1694429,8384,Shane Long
1694432,21385,LorenzoInsigne
1694416,20468,EmanueleGiaccherini
1694439,14723,ToniKroos
1694390,7936,PaulPogba
1694427,8425,Wayne Hennessey
1694392,50102,Fabian LukasSch\u00e4r
1694404,8989,JamieWard
1694421,37948,Alfre\u00f0Finnbogason
1694411,3353,Andr\u00e9sIniesta Luj\u00e1n
1694439,224593,JoshuaKimmich
1694424,37762,WilliamSilva de Carvalho
1694438,8126,Jos\u00e9 Miguelda Rocha Fonte
1694392,7850,Johan DanonDjourou-Gbadjere
1694406,14817,RobertLewandowski
1694415,38075,LaurentCiman
1694428,69400,MilanBadelj
1694434,32597,RicardoAndrade Quaresma Bernardo
1694407,14806,MarioG\u00f6tze
1694425,54451,Birkir M\u00e1rS\u00e6varsson
1694426,20465,StephanLichtsteiner
1694424,3725,\u00c1d\u00e1mPint\u00e9r
1694436,22566,Alessandro Florenzi
1694416,22202,SimoneZaza
1694419,8192,MartinOlsson
1694421,62221,K\u00e1ri\u00c1rnason
1694422,58105,J\u00f3n Da\u00f0iB\u00f6\u00f0varsson
1694403,14723,ToniKroos
1694416,20556,AntonioCandreva
1694417,25707,EdenHazard
1694438,9127,SamVokes
1694434,70965,Jo\u00e3o M\u00e1rioNaval da Costa Eduardo 
1694419,7860,ThomasVermaelen
1694392,50102,Fabian LukasSch\u00e4r
1694401,101663,DmitriKombarov
1694424,15200,\u00c1d\u00e1mSzalai
1694391,50264,BurimKukeli
1694391,49981,Taulant RagipXhaka
1694427,7914,JonnyEvans
1694436,20395,MattiaDe Sciglio
1694393,25714,Dimitri Payet
1694404,105344,YevhenSeleznyov
1694428,135747,DanijelSuba\u0161i\u0107
1694418,8624,JamesMcCarthy
1694411,32656,Sel\u00e7uk\u0130nan
1694390,25714,Dimitri Payet
1694426,14922,Ricardo Iv\u00e1nRodr\u00edguez Araya
1694435,77544,NeilTaylor
1694396,61963,JoeLedley
1694407,11135,Aaron Hughes
1694405,14798,\u0141ukaszPiszczek
1694397,101705,AleksandrKokorin
1694434,3322,Cristiano Ronaldodos Santos Aveiro
1694434,99446,KrzysztofM\u0105czy\u0144ski
1694410,69968,MarceloBrozovi\u0107
1694395,84536,Drago\u0219Grigore
1694409,8317,David Josu\u00e9Jim\u00e9nez Silva
1694419,20876,AlbinEkdal
1694425,14688,SebastianPr\u00f6dl
1694429,8240,S\u00e9amusColeman
1694436,21350,MarcoParolo
1694391,49872,XherdanShaqiri
1694425,65084,JakobJantscher
1694396,101616,J\u00e1n\u010eurica
1694424,37762,WilliamSilva de Carvalho
1694404,105331,VyacheslavShevchuk
1694440,258162,Renato J\u00faniorLuz Sanches
1694434,3305,Kl\u00e9perLaveran Lima Ferreira
1694398,65090,Du\u0161an\u0160vento
1694392,20938,ValonBehrami
1694429,231139,KingsleyComan
1694415,36,TobyAlderweireld
1694426,21097,KamilGlik
1694431,25707,EdenHazard
1694407,18669,JonasHector
1694416,21350,MarcoParolo
